"DateTime","Players","Average Players"
"2020-06-18 00:00:00",87,
"2020-06-19 00:00:00",1157,
"2020-06-20 00:00:00",2322,
"2020-06-21 00:00:00",2948,
"2020-06-22 00:00:00",2809,
"2020-06-23 00:00:00",2860,
"2020-06-24 00:00:00",2918,
"2020-06-25 00:00:00",3025,
"2020-06-26 00:00:00",3031,
"2020-06-27 00:00:00",3476,
"2020-06-28 00:00:00",3845,
"2020-06-29 00:00:00",3473,
"2020-06-30 00:00:00",3502,
"2020-07-01 00:00:00",3432,
"2020-07-02 00:00:00",3737,
"2020-07-03 00:00:00",3912,
"2020-07-04 00:00:00",4096,
"2020-07-05 00:00:00",4310,
"2020-07-06 00:00:00",3985,
"2020-07-07 00:00:00",3858,
"2020-07-08 00:00:00",3822,
"2020-07-09 00:00:00",4092,
"2020-07-10 00:00:00",3675,
"2020-07-11 00:00:00",3587,
"2020-07-12 00:00:00",3453,
"2020-07-13 00:00:00",3001,
"2020-07-14 00:00:00",2861,
"2020-07-15 00:00:00",2667,
"2020-07-16 00:00:00",2617,
"2020-07-17 00:00:00",2576,
"2020-07-18 00:00:00",2657,
"2020-07-19 00:00:00",2816,
"2020-07-20 00:00:00",2443,
"2020-07-21 00:00:00",2263,
"2020-07-22 00:00:00",2224,
"2020-07-23 00:00:00",2138,
"2020-07-24 00:00:00",2193,
"2020-07-25 00:00:00",2356,
"2020-07-26 00:00:00",2452,
"2020-07-27 00:00:00",2235,
"2020-07-28 00:00:00",2184,
"2020-07-29 00:00:00",2135,
"2020-07-30 00:00:00",2020,
"2020-07-31 00:00:00",1980,
"2020-08-01 00:00:00",2111,
"2020-08-02 00:00:00",2315,
"2020-08-03 00:00:00",2125,
"2020-08-04 00:00:00",2101,
"2020-08-05 00:00:00",2055,
"2020-08-06 00:00:00",1963,
"2020-08-07 00:00:00",1920,
"2020-08-08 00:00:00",2034,
"2020-08-09 00:00:00",2223,
"2020-08-10 00:00:00",1963,
"2020-08-11 00:00:00",1934,
"2020-08-12 00:00:00",1881,
"2020-08-13 00:00:00",1824,
"2020-08-14 00:00:00",1903,
"2020-08-15 00:00:00",2037,
"2020-08-16 00:00:00",2134,
"2020-08-17 00:00:00",1911,
"2020-08-18 00:00:00",1763,
"2020-08-19 00:00:00",1777,
"2020-08-20 00:00:00",1753,
"2020-08-21 00:00:00",1801,
"2020-08-22 00:00:00",2034,
"2020-08-23 00:00:00",2170,
"2020-08-24 00:00:00",1814,
"2020-08-25 00:00:00",1821,
"2020-08-26 00:00:00",1796,
"2020-08-27 00:00:00",1770,
"2020-08-28 00:00:00",1896,
"2020-08-29 00:00:00",2167,
"2020-08-30 00:00:00",2192,
"2020-08-31 00:00:00",1951,
"2020-09-01 00:00:00",2168,
"2020-09-02 00:00:00",2214,
"2020-09-03 00:00:00",2253,
"2020-09-04 00:00:00",4157,
"2020-09-05 00:00:00",6104,
"2020-09-06 00:00:00",7130,
"2020-09-07 00:00:00",6860,
"2020-09-08 00:00:00",6331,
"2020-09-09 00:00:00",7219,
"2020-09-10 00:00:00",7639,
"2020-09-11 00:00:00",8094,
"2020-09-12 00:00:00",9614,
"2020-09-13 00:00:00",10614,
"2020-09-14 00:00:00",7610,
"2020-09-15 00:00:00",6419,
"2020-09-16 00:00:00",5556,
"2020-09-17 00:00:00",4960,
"2020-09-18 00:00:00",5086,
"2020-09-19 00:00:00",5675,
"2020-09-20 00:00:00",5342,
"2020-09-21 00:00:00",4079,
"2020-09-22 00:00:00",3725,
"2020-09-23 00:00:00",3577,
"2020-09-24 00:00:00",3434,
"2020-09-25 00:00:00",3738,
"2020-09-26 00:00:00",4152,
"2020-09-27 00:00:00",4255,
"2020-09-28 00:00:00",3290,
"2020-09-29 00:00:00",3158,
"2020-09-30 00:00:00",3132,
"2020-10-01 00:00:00",2973,
"2020-10-02 00:00:00",3185,
"2020-10-03 00:00:00",3833,
"2020-10-04 00:00:00",3855,
"2020-10-05 00:00:00",3018,
"2020-10-06 00:00:00",2919,
"2020-10-07 00:00:00",2856,
"2020-10-08 00:00:00",2730,
"2020-10-09 00:00:00",2796,
"2020-10-10 00:00:00",3417,
"2020-10-11 00:00:00",3523,
"2020-10-12 00:00:00",3076,
"2020-10-13 00:00:00",2705,
"2020-10-14 00:00:00",2590,
"2020-10-15 00:00:00",2624,
"2020-10-16 00:00:00",2775,
"2020-10-17 00:00:00",3268,
"2020-10-18 00:00:00",3321,
"2020-10-19 00:00:00",2614,
"2020-10-20 00:00:00",2631,
"2020-10-21 00:00:00",2557,
"2020-10-22 00:00:00",2591,
"2020-10-23 00:00:00",2706,
"2020-10-24 00:00:00",3227,
"2020-10-25 00:00:00",3380,
"2020-10-26 00:00:00",2725,
"2020-10-27 00:00:00",2700,
"2020-10-28 00:00:00",2672,
"2020-10-29 00:00:00",2888,
"2020-10-30 00:00:00",7953,
"2020-10-31 00:00:00",11369,
"2020-11-01 00:00:00",13319,
"2020-11-02 00:00:00",11523,
"2020-11-03 00:00:00",8040,
"2020-11-04 00:00:00",8261,
"2020-11-05 00:00:00",8298,
"2020-11-06 00:00:00",8587,
"2020-11-07 00:00:00",10210,
"2020-11-08 00:00:00",10477,
"2020-11-09 00:00:00",8612,
"2020-11-10 00:00:00",8423,
"2020-11-11 00:00:00",8475,
"2020-11-12 00:00:00",7165,
"2020-11-13 00:00:00",7010,
"2020-11-14 00:00:00",7597,
"2020-11-15 00:00:00",7197,
"2020-11-16 00:00:00",5485,
"2020-11-17 00:00:00",5130,
"2020-11-18 00:00:00",5185,
"2020-11-19 00:00:00",5049,
"2020-11-20 00:00:00",5253,
"2020-11-21 00:00:00",6122,
"2020-11-22 00:00:00",6150,
"2020-11-23 00:00:00",4741,
"2020-11-24 00:00:00",4585,
"2020-11-25 00:00:00",5139,
"2020-11-26 00:00:00",9665,
"2020-11-27 00:00:00",13662,
"2020-11-28 00:00:00",17249,
"2020-11-29 00:00:00",18733,
"2020-11-30 00:00:00",15910,
"2020-12-01 00:00:00",15870,
"2020-12-02 00:00:00",13815,
"2020-12-03 00:00:00",11720,
"2020-12-04 00:00:00",11366,
"2020-12-05 00:00:00",11828,
"2020-12-06 00:00:00",10943,
"2020-12-07 00:00:00",8403,
"2020-12-08 00:00:00",8072,
"2020-12-09 00:00:00",7458,
"2020-12-10 00:00:00",6998,
"2020-12-11 00:00:00",7454,
"2020-12-12 00:00:00",8383,
"2020-12-13 00:00:00",8278,
"2020-12-14 00:00:00",6610,
"2020-12-15 00:00:00",6297,
"2020-12-16 00:00:00",6301,
"2020-12-17 00:00:00",6270,
"2020-12-18 00:00:00",6516,
"2020-12-19 00:00:00",7337,
"2020-12-20 00:00:00",7531,
"2020-12-21 00:00:00",6628,
"2020-12-22 00:00:00",6644,
"2020-12-23 00:00:00",9790,
"2020-12-24 00:00:00",10469,
"2020-12-25 00:00:00",15335,
"2020-12-26 00:00:00",20255,
"2020-12-27 00:00:00",22591,
"2020-12-28 00:00:00",22298,
"2020-12-29 00:00:00",23629,
"2020-12-30 00:00:00",22774,
"2020-12-31 00:00:00",19144,
"2021-01-01 00:00:00",24362,
"2021-01-02 00:00:00",25403,
"2021-01-03 00:00:00",25393,
"2021-01-04 00:00:00",23311,
"2021-01-05 00:00:00",23878,
"2021-01-06 00:00:00",20597,
"2021-01-07 00:00:00",17865,
"2021-01-08 00:00:00",16956,
"2021-01-09 00:00:00",18017,
"2021-01-10 00:00:00",17001,
"2021-01-11 00:00:00",13478,
"2021-01-12 00:00:00",12752,
"2021-01-13 00:00:00",12332,
"2021-01-14 00:00:00",12097,
"2021-01-15 00:00:00",12586,
"2021-01-16 00:00:00",14191,
"2021-01-17 00:00:00",14024,
"2021-01-18 00:00:00",12039,
"2021-01-19 00:00:00",10797,
"2021-01-20 00:00:00",10614,
"2021-01-21 00:00:00",10307,
"2021-01-22 00:00:00",10835,
"2021-01-23 00:00:00",12846,
"2021-01-24 00:00:00",13120,
"2021-01-25 00:00:00",10458,
"2021-01-26 00:00:00",10526,
"2021-01-27 00:00:00",10114,
"2021-01-28 00:00:00",10030,
"2021-01-29 00:00:00",10629,
"2021-01-30 00:00:00",12297,
"2021-01-31 00:00:00",12186,
"2021-02-01 00:00:00",10034,
"2021-02-02 00:00:00",9481,
"2021-02-03 00:00:00",9274,
"2021-02-04 00:00:00",8959,
"2021-02-05 00:00:00",9423,
"2021-02-06 00:00:00",10955,
"2021-02-07 00:00:00",11584,
"2021-02-08 00:00:00",9182,
"2021-02-09 00:00:00",8808,
"2021-02-10 00:00:00",10260,
"2021-02-11 00:00:00",11047,
"2021-02-12 00:00:00",11127,
"2021-02-13 00:00:00",13631,
"2021-02-14 00:00:00",14093,
"2021-02-15 00:00:00",13211,
"2021-02-16 00:00:00",12720,
"2021-02-17 00:00:00",12257,
"2021-02-18 00:00:00",12372,
"2021-02-19 00:00:00",12725,
"2021-02-20 00:00:00",14696,
"2021-02-21 00:00:00",15392,
"2021-02-22 00:00:00",13215,
"2021-02-23 00:00:00",11686,
"2021-02-24 00:00:00",10490,
"2021-02-25 00:00:00",10023,
"2021-02-26 00:00:00",10046,
"2021-02-27 00:00:00",11600,
"2021-02-28 00:00:00",11603,
"2021-03-01 00:00:00",8974,
"2021-03-02 00:00:00",8727,
"2021-03-03 00:00:00",8646,
"2021-03-04 00:00:00",8548,
"2021-03-05 00:00:00",8975,
"2021-03-06 00:00:00",10296,
"2021-03-07 00:00:00",10603,
"2021-03-08 00:00:00",8306,
"2021-03-09 00:00:00",8022,
"2021-03-10 00:00:00",7925,
"2021-03-11 00:00:00",7717,
"2021-03-12 00:00:00",8364,
"2021-03-13 00:00:00",9714,
"2021-03-14 00:00:00",10144,
"2021-03-15 00:00:00",8080,
"2021-03-16 00:00:00",7896,
"2021-03-17 00:00:00",7811,
"2021-03-18 00:00:00",7700,
"2021-03-19 00:00:00",8177,
"2021-03-20 00:00:00",9279,
"2021-03-21 00:00:00",9513,
"2021-03-22 00:00:00",7659,
"2021-03-23 00:00:00",7182,
"2021-03-24 00:00:00",7081,
"2021-03-25 00:00:00",7561,
"2021-03-26 00:00:00",8118,
"2021-03-27 00:00:00",9336,
"2021-03-28 00:00:00",9752,
"2021-03-29 00:00:00",7783,
"2021-03-30 00:00:00",7442,
"2021-03-31 00:00:00",7512,
"2021-04-01 00:00:00",7603,
"2021-04-02 00:00:00",8564,
"2021-04-03 00:00:00",9012,
"2021-04-04 00:00:00",9092,
"2021-04-05 00:00:00",8958,
"2021-04-06 00:00:00",11538,
"2021-04-07 00:00:00",14827,
"2021-04-08 00:00:00",16562,
"2021-04-09 00:00:00",18179,
"2021-04-10 00:00:00",20355,
"2021-04-11 00:00:00",20616,
"2021-04-12 00:00:00",16709,
"2021-04-13 00:00:00",16510,
"2021-04-14 00:00:00",16190,
"2021-04-15 00:00:00",15904,
"2021-04-16 00:00:00",16590,
"2021-04-17 00:00:00",18622,
"2021-04-18 00:00:00",19062,
"2021-04-19 00:00:00",16355,
"2021-04-20 00:00:00",14616,
"2021-04-21 00:00:00",13648,
"2021-04-22 00:00:00",12591,
"2021-04-23 00:00:00",12595,
"2021-04-24 00:00:00",13683,
"2021-04-25 00:00:00",13722,
"2021-04-26 00:00:00",10904,
"2021-04-27 00:00:00",10348,
"2021-04-28 00:00:00",9803,
"2021-04-29 00:00:00",9721,
"2021-04-30 00:00:00",10136,
"2021-05-01 00:00:00",11851,
"2021-05-02 00:00:00",12497,
"2021-05-03 00:00:00",10554,
"2021-05-04 00:00:00",9775,
"2021-05-05 00:00:00",9486,
"2021-05-06 00:00:00",8947,
"2021-05-07 00:00:00",9340,
"2021-05-08 00:00:00",10558,
"2021-05-09 00:00:00",10157,
"2021-05-10 00:00:00",8656,
"2021-05-11 00:00:00",8571,
"2021-05-12 00:00:00",8720,
"2021-05-13 00:00:00",8910,
"2021-05-14 00:00:00",8933,
"2021-05-15 00:00:00",10204,
"2021-05-16 00:00:00",10552,
"2021-05-17 00:00:00",8492,
"2021-05-18 00:00:00",8291,
"2021-05-19 00:00:00",8112,
"2021-05-20 00:00:00",7973,
"2021-05-21 00:00:00",8589,
"2021-05-22 00:00:00",9920,
"2021-05-23 00:00:00",10300,
"2021-05-24 00:00:00",9054,
"2021-05-25 00:00:00",8415,
"2021-05-26 00:00:00",8239,
"2021-05-27 00:00:00",7819,
"2021-05-28 00:00:00",8416,
"2021-05-29 00:00:00",9380,
"2021-05-30 00:00:00",9312,
"2021-05-31 00:00:00",8860,
"2021-06-01 00:00:00",8700,
"2021-06-02 00:00:00",8628,
"2021-06-03 00:00:00",8798,
"2021-06-04 00:00:00",8910,
"2021-06-05 00:00:00",9466,
"2021-06-06 00:00:00",9852,
"2021-06-07 00:00:00",8721,
"2021-06-08 00:00:00",8436,
"2021-06-09 00:00:00",8067,
"2021-06-10 00:00:00",8150,
"2021-06-11 00:00:00",8477,
"2021-06-12 00:00:00",9315,
"2021-06-13 00:00:00",9801,
"2021-06-14 00:00:00",8518,
"2021-06-15 00:00:00",8201,
"2021-06-16 00:00:00",8117,
"2021-06-17 00:00:00",8060,
"2021-06-18 00:00:00",8237,
"2021-06-19 00:00:00",8767,
"2021-06-20 00:00:00",9309,
"2021-06-21 00:00:00",8700,
"2021-06-22 00:00:00",8608,
"2021-06-23 00:00:00",8374,
"2021-06-24 00:00:00",8629,
"2021-06-25 00:00:00",12395,
"2021-06-26 00:00:00",16420,
"2021-06-27 00:00:00",18342,
"2021-06-28 00:00:00",17045,
"2021-06-29 00:00:00",17663,
"2021-06-30 00:00:00",18560,
"2021-07-01 00:00:00",18862,
"2021-07-02 00:00:00",20132,
"2021-07-03 00:00:00",21851,
"2021-07-04 00:00:00",22758,
"2021-07-05 00:00:00",20771,
"2021-07-06 00:00:00",20415,
"2021-07-07 00:00:00",19948,
"2021-07-08 00:00:00",20266,
"2021-07-09 00:00:00",19056,
"2021-07-10 00:00:00",18589,
"2021-07-11 00:00:00",17797,
"2021-07-12 00:00:00",15302,
"2021-07-13 00:00:00",14640,
"2021-07-14 00:00:00",14067,
"2021-07-15 00:00:00",13289,
"2021-07-16 00:00:00",13160,
"2021-07-17 00:00:00",13640,
"2021-07-18 00:00:00",13752,
"2021-07-19 00:00:00",12684,
"2021-07-20 00:00:00",12197,
"2021-07-21 00:00:00",11109,
"2021-07-22 00:00:00",13068,
"2021-07-23 00:00:00",14325,
"2021-07-24 00:00:00",16428,
"2021-07-25 00:00:00",18126,
"2021-07-26 00:00:00",16534,
"2021-07-27 00:00:00",16413,
"2021-07-28 00:00:00",16260,
"2021-07-29 00:00:00",16303,
"2021-07-30 00:00:00",16132,
"2021-07-31 00:00:00",17238,
"2021-08-01 00:00:00",18482,
"2021-08-02 00:00:00",16806,
"2021-08-03 00:00:00",15613,
"2021-08-04 00:00:00",14677,
"2021-08-05 00:00:00",14393,
"2021-08-06 00:00:00",14207,
"2021-08-07 00:00:00",14810,
"2021-08-08 00:00:00",15083,
"2021-08-09 00:00:00",13120,
"2021-08-10 00:00:00",12791,
"2021-08-11 00:00:00",12202,
"2021-08-12 00:00:00",11841,
"2021-08-13 00:00:00",11973,
"2021-08-14 00:00:00",12882,
"2021-08-15 00:00:00",13497,
"2021-08-16 00:00:00",12226,
"2021-08-17 00:00:00",12005,
"2021-08-18 00:00:00",11791,
"2021-08-19 00:00:00",11602,
"2021-08-20 00:00:00",11851,
"2021-08-21 00:00:00",12962,
"2021-08-22 00:00:00",13660,
"2021-08-23 00:00:00",11769,
"2021-08-24 00:00:00",11356,
"2021-08-25 00:00:00",10739,
"2021-08-26 00:00:00",10823,
"2021-08-27 00:00:00",11234,
"2021-08-28 00:00:00",12645,
"2021-08-29 00:00:00",13015,
"2021-08-30 00:00:00",11120,
"2021-08-31 00:00:00",10480,
"2021-09-01 00:00:00",10001,
"2021-09-02 00:00:00",9497,
"2021-09-03 00:00:00",9813,
"2021-09-04 00:00:00",11506,
"2021-09-05 00:00:00",11773,
"2021-09-06 00:00:00",11307,
"2021-09-07 00:00:00",9274,
"2021-09-08 00:00:00",8866,
"2021-09-09 00:00:00",8715,
"2021-09-10 00:00:00",9115,
"2021-09-11 00:00:00",11270,
"2021-09-12 00:00:00",11794,
"2021-09-13 00:00:00",8801,
"2021-09-14 00:00:00",8710,
"2021-09-15 00:00:00",8556,
"2021-09-16 00:00:00",8592,
"2021-09-17 00:00:00",8980,
"2021-09-18 00:00:00",11151,
"2021-09-19 00:00:00",12117,
"2021-09-20 00:00:00",9231,
"2021-09-21 00:00:00",8766,
"2021-09-22 00:00:00",8489,
"2021-09-23 00:00:00",8466,
"2021-09-24 00:00:00",9020,
"2021-09-25 00:00:00",10848,
"2021-09-26 00:00:00",11307,
"2021-09-27 00:00:00",8538,
"2021-09-28 00:00:00",8292,
"2021-09-29 00:00:00",8221,
"2021-09-30 00:00:00",8310,
"2021-10-01 00:00:00",8742,
"2021-10-02 00:00:00",13092,
"2021-10-03 00:00:00",15313,
"2021-10-04 00:00:00",11627,
"2021-10-05 00:00:00",11375,
"2021-10-06 00:00:00",11458,
"2021-10-07 00:00:00",10877,
"2021-10-08 00:00:00",11914,
"2021-10-09 00:00:00",14695,
"2021-10-10 00:00:00",15198,
"2021-10-11 00:00:00",12843,
"2021-10-12 00:00:00",11612,
"2021-10-13 00:00:00",11268,
"2021-10-14 00:00:00",11208,
"2021-10-15 00:00:00",12226,
"2021-10-16 00:00:00",13979,
"2021-10-17 00:00:00",13522,
"2021-10-18 00:00:00",10297,
"2021-10-19 00:00:00",9554,
"2021-10-20 00:00:00",9223,
"2021-10-21 00:00:00",9286,
"2021-10-22 00:00:00",9902,
"2021-10-23 00:00:00",12145,
"2021-10-24 00:00:00",12330,
"2021-10-25 00:00:00",9321,
"2021-10-26 00:00:00",8995,
"2021-10-27 00:00:00",8811,
"2021-10-28 00:00:00",8773,
"2021-10-29 00:00:00",10376,
"2021-10-30 00:00:00",13397,
"2021-10-31 00:00:00",13951,
"2021-11-01 00:00:00",11733,
"2021-11-02 00:00:00",10713,
"2021-11-03 00:00:00",10125,
"2021-11-04 00:00:00",9904,
"2021-11-05 00:00:00",10503,
"2021-11-06 00:00:00",12836,
"2021-11-07 00:00:00",12931,
"2021-11-08 00:00:00",9127,
"2021-11-09 00:00:00",8661,
"2021-11-10 00:00:00",8943,
"2021-11-11 00:00:00",9769,
"2021-11-12 00:00:00",9829,
"2021-11-13 00:00:00",11756,
"2021-11-14 00:00:00",11909,
"2021-11-15 00:00:00",8768,
"2021-11-16 00:00:00",8615,
"2021-11-17 00:00:00",8496,
"2021-11-18 00:00:00",8406,
"2021-11-19 00:00:00",9192,
"2021-11-20 00:00:00",11293,
"2021-11-21 00:00:00",11575,
"2021-11-22 00:00:00",9233,
"2021-11-23 00:00:00",8809,
"2021-11-24 00:00:00",9466,
"2021-11-25 00:00:00",11884,
"2021-11-26 00:00:00",15848,
"2021-11-27 00:00:00",19737,
"2021-11-28 00:00:00",20506,
"2021-11-29 00:00:00",16436,
"2021-11-30 00:00:00",16696,
"2021-12-01 00:00:00",16567,
"2021-12-02 00:00:00",15624,
"2021-12-03 00:00:00",15215,
"2021-12-04 00:00:00",17161,
"2021-12-05 00:00:00",16469,
"2021-12-06 00:00:00",11976,
"2021-12-07 00:00:00",11388,
"2021-12-08 00:00:00",11362,
"2021-12-09 00:00:00",10749,
"2021-12-10 00:00:00",11555,
"2021-12-11 00:00:00",13901,
"2021-12-12 00:00:00",13762,
"2021-12-13 00:00:00",10761,
"2021-12-14 00:00:00",10452,
"2021-12-15 00:00:00",10055,
"2021-12-16 00:00:00",9896,
"2021-12-17 00:00:00",10846,
"2021-12-18 00:00:00",12743,
"2021-12-19 00:00:00",13381,
"2021-12-20 00:00:00",11859,
"2021-12-21 00:00:00",11837,
"2021-12-22 00:00:00",12239,
"2021-12-23 00:00:00",14805,
"2021-12-24 00:00:00",15008,
"2021-12-25 00:00:00",19577,
"2021-12-26 00:00:00",24381,
"2021-12-27 00:00:00",25992,
"2021-12-28 00:00:00",26262,
"2021-12-29 00:00:00",26214,
"2021-12-30 00:00:00",26052,
"2021-12-31 00:00:00",21597,
"2022-01-01 00:00:00",28060,
"2022-01-02 00:00:00",29563,
"2022-01-03 00:00:00",26391,
"2022-01-04 00:00:00",24963,
"2022-01-05 00:00:00",24714,
"2022-01-06 00:00:00",22744,
"2022-01-07 00:00:00",22405,
"2022-01-08 00:00:00",23657,
"2022-01-09 00:00:00",22709,
"2022-01-10 00:00:00",17238,
"2022-01-11 00:00:00",16632,
"2022-01-12 00:00:00",15998,
"2022-01-13 00:00:00",15525,
"2022-01-14 00:00:00",16901,
"2022-01-15 00:00:00",20110,
"2022-01-16 00:00:00",20541,
"2022-01-17 00:00:00",18685,
"2022-01-18 00:00:00",15526,
"2022-01-19 00:00:00",14831,
"2022-01-20 00:00:00",14939,
"2022-01-21 00:00:00",16232,
"2022-01-22 00:00:00",19584,
"2022-01-23 00:00:00",19730,
"2022-01-24 00:00:00",15289,
"2022-01-25 00:00:00",14645,
"2022-01-26 00:00:00",14418,
"2022-01-27 00:00:00",14293,
"2022-01-28 00:00:00",18074,
"2022-01-29 00:00:00",24694,
"2022-01-30 00:00:00",27202,
"2022-01-31 00:00:00",21551,
"2022-02-01 00:00:00",21561,
"2022-02-02 00:00:00",22499,
"2022-02-03 00:00:00",23695,
"2022-02-04 00:00:00",27522,
"2022-02-05 00:00:00",33621,
"2022-02-06 00:00:00",36166,
"2022-02-07 00:00:00",28342,
"2022-02-08 00:00:00",23936,
"2022-02-09 00:00:00",22875,
"2022-02-10 00:00:00",22497,
"2022-02-11 00:00:00",23523,
"2022-02-12 00:00:00",25920,
"2022-02-13 00:00:00",25730,
"2022-02-14 00:00:00",17936,
"2022-02-15 00:00:00",17416,
"2022-02-16 00:00:00",16765,
"2022-02-17 00:00:00",16782,
"2022-02-18 00:00:00",18299,
"2022-02-19 00:00:00",21398,
"2022-02-20 00:00:00",21651,
"2022-02-21 00:00:00",18302,
"2022-02-22 00:00:00",16285,
"2022-02-23 00:00:00",15419,
"2022-02-24 00:00:00",15402,
"2022-02-25 00:00:00",16155,
"2022-02-26 00:00:00",19228,
"2022-02-27 00:00:00",19989,
"2022-02-28 00:00:00",14841,
"2022-03-01 00:00:00",14206,
"2022-03-02 00:00:00",13853,
"2022-03-03 00:00:00",13328,
"2022-03-04 00:00:00",14438,
"2022-03-05 00:00:00",17983,
"2022-03-06 00:00:00",18787,
"2022-03-07 00:00:00",14025,
"2022-03-08 00:00:00",12999,
"2022-03-09 00:00:00",12820,
"2022-03-10 00:00:00",12793,
"2022-03-11 00:00:00",14110,
"2022-03-12 00:00:00",17626,
"2022-03-13 00:00:00",18134,
"2022-03-14 00:00:00",13978,
"2022-03-15 00:00:00",14255,
"2022-03-16 00:00:00",16235,
"2022-03-17 00:00:00",17059,
"2022-03-18 00:00:00",19417,
"2022-03-19 00:00:00",23880,
"2022-03-20 00:00:00",26039,
"2022-03-21 00:00:00",19919,
"2022-03-22 00:00:00",19024,
"2022-03-23 00:00:00",18653,
"2022-03-24 00:00:00",18635,
"2022-03-25 00:00:00",19472,
"2022-03-26 00:00:00",23793,
"2022-03-27 00:00:00",25453,
"2022-03-28 00:00:00",19399,
"2022-03-29 00:00:00",18039,
"2022-03-30 00:00:00",16974,
"2022-03-31 00:00:00",16262,
"2022-04-01 00:00:00",16248,
"2022-04-02 00:00:00",20369,
"2022-04-03 00:00:00",21282,
"2022-04-04 00:00:00",15550,
"2022-04-05 00:00:00",14876,
"2022-04-06 00:00:00",14160,
"2022-04-07 00:00:00",14064,
"2022-04-08 00:00:00",15119,
"2022-04-09 00:00:00",18900,
"2022-04-10 00:00:00",19475,
"2022-04-11 00:00:00",15504,
"2022-04-12 00:00:00",14817,
"2022-04-13 00:00:00",14793,
"2022-04-14 00:00:00",15484,
"2022-04-15 00:00:00",17935,
"2022-04-16 00:00:00",18575,
"2022-04-17 00:00:00",18924,
"2022-04-18 00:00:00",17452,
"2022-04-19 00:00:00",15108,
"2022-04-20 00:00:00",14494,
"2022-04-21 00:00:00",14700,
"2022-04-22 00:00:00",15375,
"2022-04-23 00:00:00",18035,
"2022-04-24 00:00:00",18996,
"2022-04-25 00:00:00",14161,
"2022-04-26 00:00:00",13431,
"2022-04-27 00:00:00",13193,
"2022-04-28 00:00:00",13207,
"2022-04-29 00:00:00",13824,
"2022-04-30 00:00:00",17452,
"2022-05-01 00:00:00",19337,
"2022-05-02 00:00:00",14818,
"2022-05-03 00:00:00",14322,
"2022-05-04 00:00:00",15513,
"2022-05-05 00:00:00",15822,
"2022-05-06 00:00:00",16713,
"2022-05-07 00:00:00",21032,
"2022-05-08 00:00:00",21722,
"2022-05-09 00:00:00",16938,
"2022-05-10 00:00:00",16652,
"2022-05-11 00:00:00",16331,
"2022-05-12 00:00:00",16310,
"2022-05-13 00:00:00",17507,
"2022-05-14 00:00:00",21225,
"2022-05-15 00:00:00",23205,
"2022-05-16 00:00:00",17898,
"2022-05-17 00:00:00",17640,
"2022-05-18 00:00:00",16391,
"2022-05-19 00:00:00",15560,
"2022-05-20 00:00:00",16459,
"2022-05-21 00:00:00",19689,
"2022-05-22 00:00:00",20845,
"2022-05-23 00:00:00",16109,
"2022-05-24 00:00:00",15154,
"2022-05-25 00:00:00",15256,
"2022-05-26 00:00:00",15911,
"2022-05-27 00:00:00",15830,
"2022-05-28 00:00:00",18573,
"2022-05-29 00:00:00",19114,
"2022-05-30 00:00:00",17509,
"2022-05-31 00:00:00",15797,
"2022-06-01 00:00:00",15066,
"2022-06-02 00:00:00",15223,
"2022-06-03 00:00:00",16314,
"2022-06-04 00:00:00",18173,
"2022-06-05 00:00:00",19736,
"2022-06-06 00:00:00",16746,
"2022-06-07 00:00:00",16026,
"2022-06-08 00:00:00",15639,
"2022-06-09 00:00:00",15070,
"2022-06-10 00:00:00",15643,
"2022-06-11 00:00:00",17185,
"2022-06-12 00:00:00",18516,
"2022-06-13 00:00:00",15976,
"2022-06-14 00:00:00",14836,
"2022-06-15 00:00:00",14845,
"2022-06-16 00:00:00",17811,
"2022-06-17 00:00:00",17455,
"2022-06-18 00:00:00",18623,
"2022-06-19 00:00:00",19467,
"2022-06-20 00:00:00",18700,
"2022-06-21 00:00:00",17614,
"2022-06-22 00:00:00",16931,
"2022-06-23 00:00:00",16876,
"2022-06-24 00:00:00",19805,
"2022-06-25 00:00:00",22570,
"2022-06-26 00:00:00",25556,
"2022-06-27 00:00:00",24102,
"2022-06-28 00:00:00",24058,
"2022-06-29 00:00:00",24078,
"2022-06-30 00:00:00",24095,
"2022-07-01 00:00:00",23558,
"2022-07-02 00:00:00",25569,
"2022-07-03 00:00:00",27512,
"2022-07-04 00:00:00",27275,
"2022-07-05 00:00:00",26368,
"2022-07-06 00:00:00",26255,
"2022-07-07 00:00:00",25828,
"2022-07-08 00:00:00",23853,
"2022-07-09 00:00:00",23688,
"2022-07-10 00:00:00",24826,
"2022-07-11 00:00:00",22583,
"2022-07-12 00:00:00",21281,
"2022-07-13 00:00:00",20488,
"2022-07-14 00:00:00",19896,
"2022-07-15 00:00:00",19469,
"2022-07-16 00:00:00",20856,
"2022-07-17 00:00:00",22420,
"2022-07-18 00:00:00",20895,
"2022-07-19 00:00:00",20031,
"2022-07-20 00:00:00",19676,
"2022-07-21 00:00:00",19489,
"2022-07-22 00:00:00",19326,
"2022-07-23 00:00:00",20245,
"2022-07-24 00:00:00",21600,
"2022-07-25 00:00:00",20304,
"2022-07-26 00:00:00",19464,
"2022-07-27 00:00:00",19384,
"2022-07-28 00:00:00",21824,
"2022-07-29 00:00:00",21055,
"2022-07-30 00:00:00",21484,
"2022-07-31 00:00:00",23096,
"2022-08-01 00:00:00",21012,
"2022-08-02 00:00:00",19961,
"2022-08-03 00:00:00",19401,
"2022-08-04 00:00:00",19321,
"2022-08-05 00:00:00",20626,
"2022-08-06 00:00:00",22947,
"2022-08-07 00:00:00",25766,
"2022-08-08 00:00:00",23723,
"2022-08-09 00:00:00",23386,
"2022-08-10 00:00:00",21936,
"2022-08-11 00:00:00",22331,
"2022-08-12 00:00:00",21942,
"2022-08-13 00:00:00",24171,
"2022-08-14 00:00:00",26084,
"2022-08-15 00:00:00",24105,
"2022-08-16 00:00:00",22939,
"2022-08-17 00:00:00",21061,
"2022-08-18 00:00:00",19575,
"2022-08-19 00:00:00",19384,
"2022-08-20 00:00:00",21458,
"2022-08-21 00:00:00",23110,
"2022-08-22 00:00:00",18863,
"2022-08-23 00:00:00",17787,
"2022-08-24 00:00:00",16706,
"2022-08-25 00:00:00",16476,
"2022-08-26 00:00:00",16849,
"2022-08-27 00:00:00",19087,
"2022-08-28 00:00:00",20917,
"2022-08-29 00:00:00",17020,
"2022-08-30 00:00:00",16222,
"2022-08-31 00:00:00",15362,
"2022-09-01 00:00:00",14934,
"2022-09-02 00:00:00",15859,
"2022-09-03 00:00:00",19195,
"2022-09-04 00:00:00",19907,
"2022-09-05 00:00:00",18565,
"2022-09-06 00:00:00",14581,
"2022-09-07 00:00:00",14378,
"2022-09-08 00:00:00",13823,
"2022-09-09 00:00:00",14537,
"2022-09-10 00:00:00",17818,
"2022-09-11 00:00:00",19590,
"2022-09-12 00:00:00",13671,
"2022-09-13 00:00:00",13130,
"2022-09-14 00:00:00",13582,
"2022-09-15 00:00:00",15075,
"2022-09-16 00:00:00",15820,
"2022-09-17 00:00:00",19656,
"2022-09-18 00:00:00",20744,
"2022-09-19 00:00:00",15672,
"2022-09-20 00:00:00",14299,
"2022-09-21 00:00:00",13892,
"2022-09-22 00:00:00",13707,
"2022-09-23 00:00:00",14698,11270
"2022-09-24 00:00:00",18130,13874
"2022-09-25 00:00:00",18946,14670
"2022-09-26 00:00:00",14009,11148
"2022-09-27 00:00:00",13369,10460
"2022-09-28 00:00:00",13072,10360
"2022-09-29 00:00:00",12621,10063
"2022-09-30 00:00:00",13924,10710
"2022-10-01 00:00:00",17340,13172
"2022-10-02 00:00:00",18405,14124
"2022-10-03 00:00:00",13768,11118
"2022-10-04 00:00:00",12778,10303
"2022-10-05 00:00:00",12747,10180
"2022-10-06 00:00:00",12198,9821
"2022-10-07 00:00:00",13402,10323
"2022-10-08 00:00:00",16309,12495
"2022-10-09 00:00:00",17703,13406
"2022-10-10 00:00:00",14258,10995
"2022-10-11 00:00:00",12385,9668
"2022-10-12 00:00:00",12250,9596
"2022-10-13 00:00:00",12281,9553
"2022-10-14 00:00:00",13362,10297
"2022-10-15 00:00:00",16490,12651
"2022-10-16 00:00:00",17227,13502
"2022-10-17 00:00:00",12754,10098
"2022-10-18 00:00:00",44502,18254
"2022-10-19 00:00:00",78753,53997
"2022-10-20 00:00:00",80664,58847
"2022-10-21 00:00:00",82392,59991
"2022-10-22 00:00:00",95201,70537
"2022-10-23 00:00:00",96328,71138
"2022-10-24 00:00:00",71675,52672
"2022-10-25 00:00:00",64023,47219
"2022-10-26 00:00:00",59395,43755
"2022-10-27 00:00:00",55453,40804
"2022-10-28 00:00:00",57658,42050
"2022-10-29 00:00:00",65915,48638
"2022-10-30 00:00:00",67407,50047
"2022-10-31 00:00:00",48384,38329
"2022-11-01 00:00:00",50835,36165
"2022-11-02 00:00:00",48096,34297
"2022-11-03 00:00:00",42639,31873
"2022-11-04 00:00:00",45908,33150
"2022-11-05 00:00:00",55919,40942
"2022-11-06 00:00:00",56157,42165
"2022-11-07 00:00:00",40500,30068
"2022-11-08 00:00:00",38750,28471
"2022-11-09 00:00:00",36278,27017
"2022-11-10 00:00:00",36676,26941
"2022-11-11 00:00:00",42987,31160
"2022-11-12 00:00:00",50549,38149
"2022-11-13 00:00:00",51541,39509
"2022-11-14 00:00:00",39184,29765
"2022-11-15 00:00:00",37808,27919
"2022-11-16 00:00:00",34268,26600
"2022-11-17 00:00:00",33326,25917
"2022-11-18 00:00:00",36611,27374
"2022-11-19 00:00:00",45077,33996
"2022-11-20 00:00:00",45578,35246
"2022-11-21 00:00:00",36042,26865
"2022-11-22 00:00:00",33350,25619
"2022-11-23 00:00:00",33338,25350
"2022-11-24 00:00:00",33218,25425
"2022-11-25 00:00:00",38179,27673
"2022-11-26 00:00:00",42872,33725
"2022-11-27 00:00:00",44515,34869
"2022-11-28 00:00:00",34461,26911
"2022-11-29 00:00:00",32647,25208
"2022-11-30 00:00:00",31922,25155
"2022-12-01 00:00:00",30686,24177
"2022-12-02 00:00:00",33582,25625
"2022-12-03 00:00:00",40887,31340
"2022-12-04 00:00:00",42164,32921
"2022-12-05 00:00:00",32600,25741
"2022-12-06 00:00:00",30854,24767
"2022-12-07 00:00:00",30144,23902
"2022-12-08 00:00:00",30745,23868
"2022-12-09 00:00:00",32612,24635
"2022-12-10 00:00:00",37851,28996
"2022-12-11 00:00:00",39029,30464
"2022-12-12 00:00:00",30952,24600
"2022-12-13 00:00:00",31089,23959
"2022-12-14 00:00:00",30147,23933
"2022-12-15 00:00:00",31400,24206
"2022-12-16 00:00:00",33512,25565
"2022-12-17 00:00:00",38439,29767
"2022-12-18 00:00:00",38659,31089
"2022-12-19 00:00:00",36036,27503
"2022-12-20 00:00:00",35623,27358
"2022-12-21 00:00:00",34956,27409
"2022-12-22 00:00:00",36245,28024
"2022-12-23 00:00:00",38390,29583
"2022-12-24 00:00:00",32198,28162
"2022-12-25 00:00:00",38124,28258
"2022-12-26 00:00:00",45715,33482
"2022-12-27 00:00:00",46948,35537
"2022-12-28 00:00:00",45968,35334
"2022-12-29 00:00:00",45690,35364
"2022-12-30 00:00:00",45256,35216
"2022-12-31 00:00:00",37041,32119
"2023-01-01 00:00:00",45509,32148
"2023-01-02 00:00:00",46839,36093
"2023-01-03 00:00:00",41940,33075
"2023-01-04 00:00:00",40434,31768
"2023-01-05 00:00:00",39236,30327
"2023-01-06 00:00:00",40642,31283
"2023-01-07 00:00:00",44830,34520
"2023-01-08 00:00:00",45137,35591
"2023-01-09 00:00:00",35738,28352
"2023-01-10 00:00:00",34775,26691
"2023-01-11 00:00:00",33022,26258
"2023-01-12 00:00:00",33467,26202
"2023-01-13 00:00:00",37175,27872
"2023-01-14 00:00:00",44268,33353
"2023-01-15 00:00:00",45769,35788
"2023-01-16 00:00:00",41166,30729
"2023-01-17 00:00:00",35468,27243
"2023-01-18 00:00:00",33978,26289
"2023-01-19 00:00:00",34212,26643
"2023-01-20 00:00:00",38130,28585
"2023-01-21 00:00:00",46455,34279
"2023-01-22 00:00:00",49952,37412
"2023-01-23 00:00:00",39711,31065
"2023-01-24 00:00:00",38287,29411
"2023-01-25 00:00:00",38424,29414
"2023-01-26 00:00:00",37472,28993
"2023-01-27 00:00:00",39383,29987
"2023-01-28 00:00:00",48111,35556
"2023-01-29 00:00:00",48494,37379
"2023-01-30 00:00:00",38366,29955
"2023-01-31 00:00:00",37294,28534
"2023-02-01 00:00:00",37297,28710
"2023-02-02 00:00:00",37966,28756
"2023-02-03 00:00:00",41005,30836
"2023-02-04 00:00:00",50107,36952
"2023-02-05 00:00:00",50528,38791
"2023-02-06 00:00:00",38678,29971
"2023-02-07 00:00:00",36788,28059
"2023-02-08 00:00:00",35852,27417
"2023-02-09 00:00:00",35576,27093
"2023-02-10 00:00:00",36809,27908
"2023-02-11 00:00:00",44610,33449
"2023-02-12 00:00:00",46846,35715
"2023-02-13 00:00:00",35610,27791
"2023-02-14 00:00:00",32060,24900
"2023-02-15 00:00:00",33095,25169
"2023-02-16 00:00:00",33224,25416
"2023-02-17 00:00:00",36915,27287
"2023-02-18 00:00:00",42489,32098
"2023-02-19 00:00:00",44039,33795
"2023-02-20 00:00:00",40154,29451
"2023-02-21 00:00:00",35750,26826
"2023-02-22 00:00:00",35240,26150
"2023-02-23 00:00:00",34161,25932
"2023-02-24 00:00:00",35647,26861
"2023-02-25 00:00:00",41823,31747
"2023-02-26 00:00:00",42731,33167
"2023-02-27 00:00:00",32287,25090
"2023-02-28 00:00:00",30950,23710
"2023-03-01 00:00:00",29287,22993
"2023-03-02 00:00:00",28776,22383
"2023-03-03 00:00:00",31450,23695
"2023-03-04 00:00:00",40157,30116
"2023-03-05 00:00:00",41759,32077
"2023-03-06 00:00:00",31143,24161
"2023-03-07 00:00:00",30456,23116
"2023-03-08 00:00:00",29468,22665
"2023-03-09 00:00:00",29762,22624
"2023-03-10 00:00:00",33898,24889
"2023-03-11 00:00:00",42480,31950
"2023-03-12 00:00:00",45375,33957
"2023-03-13 00:00:00",35261,26489
"2023-03-14 00:00:00",37572,25328
"2023-03-15 00:00:00",38796,28207
"2023-03-16 00:00:00",40770,28443
"2023-03-17 00:00:00",44341,31003
"2023-03-18 00:00:00",51884,38380
"2023-03-19 00:00:00",54756,40698
"2023-03-20 00:00:00",41868,30979
"2023-03-21 00:00:00",38764,29334
"2023-03-22 00:00:00",38040,28800
"2023-03-23 00:00:00",37048,28025
"2023-03-24 00:00:00",40007,29346
"2023-03-25 00:00:00",48483,36283
"2023-03-26 00:00:00",50720,38165
"2023-03-27 00:00:00",38404,28822
"2023-03-28 00:00:00",37000,27295
"2023-03-29 00:00:00",35812,27282
"2023-03-30 00:00:00",35537,27027
"2023-03-31 00:00:00",38094,28466
"2023-04-01 00:00:00",46604,34868
"2023-04-02 00:00:00",48332,36780
"2023-04-03 00:00:00",37910,29393
"2023-04-04 00:00:00",37035,28162
"2023-04-05 00:00:00",36975,29056
"2023-04-06 00:00:00",38777,29859
"2023-04-07 00:00:00",44134,33179
"2023-04-08 00:00:00",44294,34445
"2023-04-09 00:00:00",44636,34244
"2023-04-10 00:00:00",40238,31082
"2023-04-11 00:00:00",35352,27349
"2023-04-12 00:00:00",33607,25919
"2023-04-13 00:00:00",32703,24983
"2023-04-14 00:00:00",34394,26336
"2023-04-15 00:00:00",41511,31239
"2023-04-16 00:00:00",43725,33045
"2023-04-17 00:00:00",32654,25521
"2023-04-18 00:00:00",30517,23825
"2023-04-19 00:00:00",30191,22872
"2023-04-20 00:00:00",30478,23314
"2023-04-21 00:00:00",33167,24874
"2023-04-22 00:00:00",39105,29506
"2023-04-23 00:00:00",42154,31539
"2023-04-24 00:00:00",31426,24633
"2023-04-25 00:00:00",30760,23418
"2023-04-26 00:00:00",28380,22114
"2023-04-27 00:00:00",28266,21832
"2023-04-28 00:00:00",30473,23034
"2023-04-29 00:00:00",37738,28378
"2023-04-30 00:00:00",42200,31194
"2023-05-01 00:00:00",36499,28781
"2023-05-02 00:00:00",30437,23578
"2023-05-03 00:00:00",29293,22454
"2023-05-04 00:00:00",26840,19515
"2023-05-05 00:00:00",30534,23096
"2023-05-06 00:00:00",38226,28326
"2023-05-07 00:00:00",40501,30657
"2023-05-08 00:00:00",30934,24192
"2023-05-09 00:00:00",28995,22030
"2023-05-10 00:00:00",28576,21747
"2023-05-11 00:00:00",30170,22158
"2023-05-12 00:00:00",31660,23837
"2023-05-13 00:00:00",38323,28991
"2023-05-14 00:00:00",38785,30156
"2023-05-15 00:00:00",30825,23695
"2023-05-16 00:00:00",30728,23062
"2023-05-17 00:00:00",31087,23768
"2023-05-18 00:00:00",31986,24609
"2023-05-19 00:00:00",32948,24959
"2023-05-20 00:00:00",39939,30212
"2023-05-21 00:00:00",41721,32052
"2023-05-22 00:00:00",33161,25277
"2023-05-23 00:00:00",32114,24494
"2023-05-24 00:00:00",31504,24378
"2023-05-25 00:00:00",31442,23939
"2023-05-26 00:00:00",33974,25315
"2023-05-27 00:00:00",38065,29769
"2023-05-28 00:00:00",40922,31848
"2023-05-29 00:00:00",37838,28772
"2023-05-30 00:00:00",31304,24484
"2023-05-31 00:00:00",30687,23156
"2023-06-01 00:00:00",30329,23199
"2023-06-02 00:00:00",32133,24455
"2023-06-03 00:00:00",36607,28574
"2023-06-04 00:00:00",39435,30417
"2023-06-05 00:00:00",32249,25257
"2023-06-06 00:00:00",31518,24083
"2023-06-07 00:00:00",31289,23984
"2023-06-08 00:00:00",32516,24754
"2023-06-09 00:00:00",32895,25047
"2023-06-10 00:00:00",35975,28108
"2023-06-11 00:00:00",37585,29519
"2023-06-12 00:00:00",32361,24868
"2023-06-13 00:00:00",31062,23764
"2023-06-14 00:00:00",30780,23386
"2023-06-15 00:00:00",30355,23344
"2023-06-16 00:00:00",31843,24229
"2023-06-17 00:00:00",34975,27709
"2023-06-18 00:00:00",37579,29467
"2023-06-19 00:00:00",35833,26570
"2023-06-20 00:00:00",34120,25800
"2023-06-21 00:00:00",33855,25975
"2023-06-22 00:00:00",33885,26308
"2023-06-23 00:00:00",34472,26784
"2023-06-24 00:00:00",36742,29373
"2023-06-25 00:00:00",39678,30665
"2023-06-26 00:00:00",36945,27909
"2023-06-27 00:00:00",37058,28061
"2023-06-28 00:00:00",36569,28224
"2023-06-29 00:00:00",35670,27898
"2023-06-30 00:00:00",36344,28133
"2023-07-01 00:00:00",38723,30612
"2023-07-02 00:00:00",42598,32830
"2023-07-03 00:00:00",39698,30270
"2023-07-04 00:00:00",39765,30273
"2023-07-05 00:00:00",38097,29207
"2023-07-06 00:00:00",37213,28717
"2023-07-07 00:00:00",36221,28386
"2023-07-08 00:00:00",37506,30034
"2023-07-09 00:00:00",41047,31951
"2023-07-10 00:00:00",37925,29231
"2023-07-11 00:00:00",36347,28355
"2023-07-12 00:00:00",35745,27716
"2023-07-13 00:00:00",35093,27445
"2023-07-14 00:00:00",34292,27188
"2023-07-15 00:00:00",35918,29076
"2023-07-16 00:00:00",39540,31084
"2023-07-17 00:00:00",36815,28701
"2023-07-18 00:00:00",34266,26700
"2023-07-19 00:00:00",33936,25679
"2023-07-20 00:00:00",37811,27722
"2023-07-21 00:00:00",37921,29514
"2023-07-22 00:00:00",39819,31461
"2023-07-23 00:00:00",43736,33640
"2023-07-24 00:00:00",40980,31202
"2023-07-25 00:00:00",39659,30010
"2023-07-26 00:00:00",38913,29876
"2023-07-27 00:00:00",38184,29501
"2023-07-28 00:00:00",37736,29651
"2023-07-29 00:00:00",39418,31202
"2023-07-30 00:00:00",43052,33340
"2023-07-31 00:00:00",39377,30578
"2023-08-01 00:00:00",38592,29873
"2023-08-02 00:00:00",37405,29133
"2023-08-03 00:00:00",35214,28116
"2023-08-04 00:00:00",35100,27712
"2023-08-05 00:00:00",38149,29953
"2023-08-06 00:00:00",41771,32220
"2023-08-07 00:00:00",37883,28981
"2023-08-08 00:00:00",36050,27463
"2023-08-09 00:00:00",34642,27061
"2023-08-10 00:00:00",33378,26225
"2023-08-11 00:00:00",32058,25661
"2023-08-12 00:00:00",35097,27827
"2023-08-13 00:00:00",37637,29751
"2023-08-14 00:00:00",33439,26706
"2023-08-15 00:00:00",32484,25417
"2023-08-16 00:00:00",30848,24521
"2023-08-17 00:00:00",30318,24127
"2023-08-18 00:00:00",30352,24148
"2023-08-19 00:00:00",33734,26734
"2023-08-20 00:00:00",36426,28554
"2023-08-21 00:00:00",31282,24552
"2023-08-22 00:00:00",30162,23320
"2023-08-23 00:00:00",29713,23672
"2023-08-24 00:00:00",29182,23268
"2023-08-25 00:00:00",29530,23402
"2023-08-26 00:00:00",34437,26663
"2023-08-27 00:00:00",37713,28955
"2023-08-28 00:00:00",30991,24378
"2023-08-29 00:00:00",30456,23375
"2023-08-30 00:00:00",29733,23138
"2023-08-31 00:00:00",28367,22331
"2023-09-01 00:00:00",29047,22766
"2023-09-02 00:00:00",33863,26170
"2023-09-03 00:00:00",35940,27856
"2023-09-04 00:00:00",31891,24189
"2023-09-05 00:00:00",26344,20908
"2023-09-06 00:00:00",24675,19400
"2023-09-07 00:00:00",25797,19788
"2023-09-08 00:00:00",27360,21380
"2023-09-09 00:00:00",32849,25802
"2023-09-10 00:00:00",35386,27819
"2023-09-11 00:00:00",27185,21580
"2023-09-12 00:00:00",26049,20503
"2023-09-13 00:00:00",25970,20271
"2023-09-14 00:00:00",25518,20020
"2023-09-15 00:00:00",27721,21215
"2023-09-16 00:00:00",35026,26765
"2023-09-17 00:00:00",38102,29573
"2023-09-18 00:00:00",29085,23001
"2023-09-19 00:00:00",28110,21226
"2023-09-20 00:00:00",27195,21605
"2023-09-21 00:00:00",26994,21049
"2023-09-22 00:00:00",29755,22518
"2023-09-23 00:00:00",36626,28192
"2023-09-24 00:00:00",38242,29934
"2023-09-25 00:00:00",28630,22971
"2023-09-26 00:00:00",28291,22453
"2023-09-27 00:00:00",26231,20712
"2023-09-28 00:00:00",27595,21914
"2023-09-29 00:00:00",30123,23850
"2023-09-30 00:00:00",36916,28699
"2023-10-01 00:00:00",39342,30540
"2023-10-02 00:00:00",30762,24776
"2023-10-03 00:00:00",30830,24342
"2023-10-04 00:00:00",29122,23463
"2023-10-05 00:00:00",28681,23026
"2023-10-06 00:00:00",30203,23704
"2023-10-07 00:00:00",35997,28062
"2023-10-08 00:00:00",38371,29340
"2023-10-09 00:00:00",30833,23660
"2023-10-10 00:00:00",27642,21524
"2023-10-11 00:00:00",27180,21503
"2023-10-12 00:00:00",28606,22135
"2023-10-13 00:00:00",31391,24040
"2023-10-14 00:00:00",35497,26871
"2023-10-15 00:00:00",37309,29477
"2023-10-16 00:00:00",29029,23029
"2023-10-17 00:00:00",27476,21602
"2023-10-18 00:00:00",25342,19839
"2023-10-19 00:00:00",25589,19769
"2023-10-20 00:00:00",28600,21341
"2023-10-21 00:00:00",36168,26740
"2023-10-22 00:00:00",37091,28743
"2023-10-23 00:00:00",27922,22225
"2023-10-24 00:00:00",27084,21023
"2023-10-25 00:00:00",26383,20635
"2023-10-26 00:00:00",26580,20641
"2023-10-27 00:00:00",29120,22005
"2023-10-28 00:00:00",35845,26910
"2023-10-29 00:00:00",38052,29162
"2023-10-30 00:00:00",28912,23134
"2023-10-31 00:00:00",26327,20961
"2023-11-01 00:00:00",29474,21976
"2023-11-02 00:00:00",31402,23370
"2023-11-03 00:00:00",32206,24473
"2023-11-04 00:00:00",38215,28992
"2023-11-05 00:00:00",38745,30331
"2023-11-06 00:00:00",28533,22614
"2023-11-07 00:00:00",27794,21502
"2023-11-08 00:00:00",26190,20794
"2023-11-09 00:00:00",26602,20719
"2023-11-10 00:00:00",30949,23094
"2023-11-11 00:00:00",37985,28580
"2023-11-12 00:00:00",38804,30411
"2023-11-13 00:00:00",29337,23285
"2023-11-14 00:00:00",28213,22310
"2023-11-15 00:00:00",29177,22622
"2023-11-16 00:00:00",28023,21979
"2023-11-17 00:00:00",30631,23553
"2023-11-18 00:00:00",37944,29336
"2023-11-19 00:00:00",38800,30874
"2023-11-20 00:00:00",31987,24432
"2023-11-21 00:00:00",30154,23475
"2023-11-22 00:00:00",34102,25538
"2023-11-23 00:00:00",33579,25989
"2023-11-24 00:00:00",38034,27984
"2023-11-25 00:00:00",42826,33638
"2023-11-26 00:00:00",44672,34911
"2023-11-27 00:00:00",33922,26865
"2023-11-28 00:00:00",33048,25611
"2023-11-29 00:00:00",32354,25377
"2023-11-30 00:00:00",31051,24540
"2023-12-01 00:00:00",33151,25414
"2023-12-02 00:00:00",40339,31163
"2023-12-03 00:00:00",40447,32589
"2023-12-04 00:00:00",32170,25639
"2023-12-05 00:00:00",31024,24114
"2023-12-06 00:00:00",29028,22492
"2023-12-07 00:00:00",31590,23641
"2023-12-08 00:00:00",34821,26726
"2023-12-09 00:00:00",40607,31044
"2023-12-10 00:00:00",41557,32831
"2023-12-11 00:00:00",32691,26444
"2023-12-12 00:00:00",31887,24742
"2023-12-13 00:00:00",31153,24577
"2023-12-14 00:00:00",30214,23942
"2023-12-15 00:00:00",31846,24406
"2023-12-16 00:00:00",37491,29284
"2023-12-17 00:00:00",38885,30984
"2023-12-18 00:00:00",33270,26177
"2023-12-19 00:00:00",33081,25857
"2023-12-20 00:00:00",34749,27025
"2023-12-21 00:00:00",36959,28581
"2023-12-22 00:00:00",38527,29978
"2023-12-23 00:00:00",41514,32875
"2023-12-24 00:00:00",35039,30983
"2023-12-25 00:00:00",40462,30037
"2023-12-26 00:00:00",47243,35261
"2023-12-27 00:00:00",48117,36556
"2023-12-28 00:00:00",48050,36675
"2023-12-29 00:00:00",47463,36760
"2023-12-30 00:00:00",48177,37373
"2023-12-31 00:00:00",40175,34637
"2024-01-01 00:00:00",49303,35475
"2024-01-02 00:00:00",46494,35886
"2024-01-03 00:00:00",44816,34587
"2024-01-04 00:00:00",43879,33957
"2024-01-05 00:00:00",44322,34133
"2024-01-06 00:00:00",50230,38081
"2024-01-07 00:00:00",49426,39231
"2024-01-08 00:00:00",39225,31460
"2024-01-09 00:00:00",39152,29945
"2024-01-10 00:00:00",36507,29040
"2024-01-11 00:00:00",35937,28291
"2024-01-12 00:00:00",39589,30036
"2024-01-13 00:00:00",47146,36086
"2024-01-14 00:00:00",47942,38087
"2024-01-15 00:00:00",43593,32868
"2024-01-16 00:00:00",39017,30826
"2024-01-17 00:00:00",37349,29503
"2024-01-18 00:00:00",36540,29013
"2024-01-19 00:00:00",40173,30417
"2024-01-20 00:00:00",46081,35690
"2024-01-21 00:00:00",48011,37568
"2024-01-22 00:00:00",39156,30613
"2024-01-23 00:00:00",38027,29425
"2024-01-24 00:00:00",36981,28934
"2024-01-25 00:00:00",36332,28224
"2024-01-26 00:00:00",38120,29184
"2024-01-27 00:00:00",44017,33731
"2024-01-28 00:00:00",46540,35832
"2024-01-29 00:00:00",37258,29111
"2024-01-30 00:00:00",35896,27657
"2024-01-31 00:00:00",34703,27063
"2024-02-01 00:00:00",33988,26441
"2024-02-02 00:00:00",35725,27433
"2024-02-03 00:00:00",40921,31868
"2024-02-04 00:00:00",44310,34135
"2024-02-05 00:00:00",34401,27233
"2024-02-06 00:00:00",33280,25859
"2024-02-07 00:00:00",32627,25827
"2024-02-08 00:00:00",33273,25866
"2024-02-09 00:00:00",34697,26836
"2024-02-10 00:00:00",40008,31071
"2024-02-11 00:00:00",44805,34020
"2024-02-12 00:00:00",36785,28866
"2024-02-13 00:00:00",36478,28104
"2024-02-14 00:00:00",32875,26347
"2024-02-15 00:00:00",34303,26325
"2024-02-16 00:00:00",37966,28949
"2024-02-17 00:00:00",44500,34272
"2024-02-18 00:00:00",46903,36442
"2024-02-19 00:00:00",40044,30884
"2024-02-20 00:00:00",35649,28397
"2024-02-21 00:00:00",34585,27834
"2024-02-22 00:00:00",33988,27054
"2024-02-23 00:00:00",35899,27938
"2024-02-24 00:00:00",43122,32902
"2024-02-25 00:00:00",44463,34712
"2024-02-26 00:00:00",33821,27057
"2024-02-27 00:00:00",31947,24897
"2024-02-28 00:00:00",29524,22624
"2024-02-29 00:00:00",30889,23879
"2024-03-01 00:00:00",33111,25591
"2024-03-02 00:00:00",40703,31491
"2024-03-03 00:00:00",41630,33190
"2024-03-04 00:00:00",31945,25412
"2024-03-05 00:00:00",30868,24058
"2024-03-06 00:00:00",30641,24063
"2024-03-07 00:00:00",29790,23773
"2024-03-08 00:00:00",32990,25457
"2024-03-09 00:00:00",39796,31164
"2024-03-10 00:00:00",42548,33313
"2024-03-11 00:00:00",32048,25508
"2024-03-12 00:00:00",31214,24071
"2024-03-13 00:00:00",30765,24059
"2024-03-14 00:00:00",30869,23839
"2024-03-15 00:00:00",35547,26910
"2024-03-16 00:00:00",43413,33479
"2024-03-17 00:00:00",46425,35936
"2024-03-18 00:00:00",34938,27395
"2024-03-19 00:00:00",33478,26060
"2024-03-20 00:00:00",33059,25913
"2024-03-21 00:00:00",32685,25344
"2024-03-22 00:00:00",36241,27200
"2024-03-23 00:00:00",45787,34616
"2024-03-24 00:00:00",48454,37122
"2024-03-25 00:00:00",37685,29243
"2024-03-26 00:00:00",36659,28012
"2024-03-27 00:00:00",36368,28098
"2024-03-28 00:00:00",38250,29343
"2024-03-29 00:00:00",42898,32514
"2024-03-30 00:00:00",42952,33756
"2024-03-31 00:00:00",44248,34322
"2024-04-01 00:00:00",40454,31122
"2024-04-02 00:00:00",36022,27855
"2024-04-03 00:00:00",35287,27051
"2024-04-04 00:00:00",36498,28393
"2024-04-05 00:00:00",36800,28401
"2024-04-06 00:00:00",41360,32101
"2024-04-07 00:00:00",43429,34179
"2024-04-08 00:00:00",37247,30273
"2024-04-09 00:00:00",35052,27430
"2024-04-10 00:00:00",33398,26338
"2024-04-11 00:00:00",34389,26751
"2024-04-12 00:00:00",35542,27901
"2024-04-13 00:00:00",42164,32219
"2024-04-14 00:00:00",45489,35740
"2024-04-15 00:00:00",34353,28191
"2024-04-16 00:00:00",35491,26970
"2024-04-17 00:00:00",31157,25081
"2024-04-18 00:00:00",33057,25084
"2024-04-19 00:00:00",36395,26878
"2024-04-20 00:00:00",42013,32181
"2024-04-21 00:00:00",44523,34326
"2024-04-22 00:00:00",34494,27019
"2024-04-23 00:00:00",34922,26085
"2024-04-24 00:00:00",32142,25093
"2024-04-25 00:00:00",32926,25627
"2024-04-26 00:00:00",34978,26230
"2024-04-27 00:00:00",38917,30405
"2024-04-28 00:00:00",41214,31915
"2024-04-29 00:00:00",34360,27226
"2024-04-30 00:00:00",35181,26727
"2024-05-01 00:00:00",41861,31859
"2024-05-02 00:00:00",37116,29419
"2024-05-03 00:00:00",38623,29700
"2024-05-04 00:00:00",44266,34050
"2024-05-05 00:00:00",46195,36032
"2024-05-06 00:00:00",38135,30321
"2024-05-07 00:00:00",35802,28175
"2024-05-08 00:00:00",35642,28373
"2024-05-09 00:00:00",37119,28411
"2024-05-10 00:00:00",35356,26570
"2024-05-11 00:00:00",40177,30652
"2024-05-12 00:00:00",40123,31360
"2024-05-13 00:00:00",33338,25275
"2024-05-14 00:00:00",31515,24427
"2024-05-15 00:00:00",31520,24707
"2024-05-16 00:00:00",30152,23787
"2024-05-17 00:00:00",32134,24732
"2024-05-18 00:00:00",39178,30040
"2024-05-19 00:00:00",41133,32337
"2024-05-20 00:00:00",33990,26988
"2024-05-21 00:00:00",32378,24607
"2024-05-22 00:00:00",32693,23994
"2024-05-23 00:00:00",31217,24066
"2024-05-24 00:00:00",33522,25570
"2024-05-25 00:00:00",38774,29989
"2024-05-26 00:00:00",40287,31805
"2024-05-27 00:00:00",36783,27608
"2024-05-28 00:00:00",33004,25218
"2024-05-29 00:00:00",32385,25474
"2024-05-30 00:00:00",36681,27635
"2024-05-31 00:00:00",36037,27335
"2024-06-01 00:00:00",40109,31437
"2024-06-02 00:00:00",43102,33543
"2024-06-03 00:00:00",34585,27160
"2024-06-04 00:00:00",34000,26184
"2024-06-05 00:00:00",33087,25831
"2024-06-06 00:00:00",32529,25890
"2024-06-07 00:00:00",34259,26497
"2024-06-08 00:00:00",38396,30357
"2024-06-09 00:00:00",42335,32796
"2024-06-10 00:00:00",35886,28236
"2024-06-11 00:00:00",35476,26894
"2024-06-12 00:00:00",34260,26592
"2024-06-13 00:00:00",34179,26292
"2024-06-14 00:00:00",35815,27491
"2024-06-15 00:00:00",40850,31764
"2024-06-16 00:00:00",42122,33381
"2024-06-17 00:00:00",37629,28540
"2024-06-18 00:00:00",37465,28463
"2024-06-19 00:00:00",37892,28960
"2024-06-20 00:00:00",36692,28807
"2024-06-21 00:00:00",37168,27942
"2024-06-22 00:00:00",40199,32163
"2024-06-23 00:00:00",42841,33744
"2024-06-24 00:00:00",38181,29751
"2024-06-25 00:00:00",36770,28535
"2024-06-26 00:00:00",36026,28487
"2024-06-27 00:00:00",35554,28254
"2024-06-28 00:00:00",37756,29330
"2024-06-29 00:00:00",39916,32046
"2024-06-30 00:00:00",44935,34686
"2024-07-01 00:00:00",41006,31502
"2024-07-02 00:00:00",40905,31507
"2024-07-03 00:00:00",40300,31312
"2024-07-04 00:00:00",41836,31540
"2024-07-05 00:00:00",40056,31065
"2024-07-06 00:00:00",42164,33727
"2024-07-07 00:00:00",47089,36272
"2024-07-08 00:00:00",42065,32692
"2024-07-09 00:00:00",41228,32794
"2024-07-10 00:00:00",39472,31709
"2024-07-11 00:00:00",40262,31132
"2024-07-12 00:00:00",38960,31449
"2024-07-13 00:00:00",41705,33738
"2024-07-14 00:00:00",44026,35444
"2024-07-15 00:00:00",40498,31865
"2024-07-16 00:00:00",41745,32462
"2024-07-17 00:00:00",41625,31432
"2024-07-18 00:00:00",39355,31508
"2024-07-19 00:00:00",37742,30929
"2024-07-20 00:00:00",42905,33778
"2024-07-21 00:00:00",46993,36191
"2024-07-22 00:00:00",42958,33535
"2024-07-23 00:00:00",41084,31850
"2024-07-24 00:00:00",39983,30681
"2024-07-25 00:00:00",45293,31713
"2024-07-26 00:00:00",43401,34854
"2024-07-27 00:00:00",43350,34528
"2024-07-28 00:00:00",47664,36793
"2024-07-29 00:00:00",42491,33213
"2024-07-30 00:00:00",43237,32326
"2024-07-31 00:00:00",42570,33135
"2024-08-01 00:00:00",43277,33029
"2024-08-02 00:00:00",38522,30714
"2024-08-03 00:00:00",42764,33326
"2024-08-04 00:00:00",50133,36354
"2024-08-05 00:00:00",42151,32411
"2024-08-06 00:00:00",43567,32892
"2024-08-07 00:00:00",42029,31999
"2024-08-08 00:00:00",42909,32353
"2024-08-09 00:00:00",41851,30835
"2024-08-10 00:00:00",41578,33004
"2024-08-11 00:00:00",46564,35722
"2024-08-12 00:00:00",39578,31801
"2024-08-13 00:00:00",38681,30461
"2024-08-14 00:00:00",38857,30280
"2024-08-15 00:00:00",38087,30080
"2024-08-16 00:00:00",39227,30501
"2024-08-17 00:00:00",42633,33139
"2024-08-18 00:00:00",46957,35966
"2024-08-19 00:00:00",40332,30894
"2024-08-20 00:00:00",37604,29046
"2024-08-21 00:00:00",37311,28821
"2024-08-22 00:00:00",36454,28514
"2024-08-23 00:00:00",37832,27338
"2024-08-24 00:00:00",42132,32829
"2024-08-25 00:00:00",47516,35816
"2024-08-26 00:00:00",39863,30997
"2024-08-27 00:00:00",39483,30194
"2024-08-28 00:00:00",36693,28717
"2024-08-29 00:00:00",34949,27917
"2024-08-30 00:00:00",38784,28333
"2024-08-31 00:00:00",40142,31400
"2024-09-01 00:00:00",41799,33097
"2024-09-02 00:00:00",39701,29860
"2024-09-03 00:00:00",32325,25701
"2024-09-04 00:00:00",32355,25339
"2024-09-05 00:00:00",30727,24753
"2024-09-06 00:00:00",32800,25443
"2024-09-07 00:00:00",39934,30815
"2024-09-08 00:00:00",41630,33118
"2024-09-09 00:00:00",33423,26088
"2024-09-10 00:00:00",31016,24091
"2024-09-11 00:00:00",31729,24983
"2024-09-12 00:00:00",30674,23541
"2024-09-13 00:00:00",31104,23900
"2024-09-14 00:00:00",38113,28921
"2024-09-15 00:00:00",44859,32974
"2024-09-16 00:00:00",33466,26906
"2024-09-17 00:00:00",30349,24429
"2024-09-18 00:00:00",29657,22941
"2024-09-19 00:00:00",28240,21432
"2024-09-20 00:00:00",31581,24291
"2024-09-21 00:00:00",39026,30325
"2024-09-22 00:00:00",41533,32375
"2024-09-23 00:00:00",32443,25413
"2024-09-24 00:00:00",33429,24961
"2024-09-25 00:00:00",32089,25047
"2024-09-26 00:00:00",34457,25044
"2024-09-27 00:00:00",34194,25418
"2024-09-28 00:00:00",40374,30573
"2024-09-29 00:00:00",42580,31822
"2024-09-30 00:00:00",32325,25063
"2024-10-01 00:00:00",32617,24508
"2024-10-02 00:00:00",31921,24427
"2024-10-03 00:00:00",31899,24927
"2024-10-04 00:00:00",33987,25570
"2024-10-05 00:00:00",40154,30029
"2024-10-06 00:00:00",43061,31958
"2024-10-07 00:00:00",33056,24869
"2024-10-08 00:00:00",32333,23420
"2024-10-09 00:00:00",30172,23522
"2024-10-10 00:00:00",34014,23953
"2024-10-11 00:00:00",34128,25433
"2024-10-12 00:00:00",39379,28895
"2024-10-13 00:00:00",42349,32226
"2024-10-14 00:00:00",33981,26108
"2024-10-15 00:00:00",32842,24296
"2024-10-16 00:00:00",32306,24316
"2024-10-17 00:00:00",30791,23476
"2024-10-18 00:00:00",34019,24574
"2024-10-19 00:00:00",39877,29746
"2024-10-20 00:00:00",41780,31442
"2024-10-21 00:00:00",31101,24069
"2024-10-22 00:00:00",31749,23094
"2024-10-23 00:00:00",30062,21360
"2024-10-24 00:00:00",30125,22269
"2024-10-25 00:00:00",30889,23314
"2024-10-26 00:00:00",37229,27939
"2024-10-27 00:00:00",42188,31177
"2024-10-28 00:00:00",32884,24773
"2024-10-29 00:00:00",34084,24410
"2024-10-30 00:00:00",31800,24717
"2024-10-31 00:00:00",30882,23963
"2024-11-01 00:00:00",37520,26931
"2024-11-02 00:00:00",45266,32711
"2024-11-03 00:00:00",46202,34652
"2024-11-04 00:00:00",35293,27067
"2024-11-05 00:00:00",33203,26053
"2024-11-06 00:00:00",32234,25190
"2024-11-07 00:00:00",32063,24960
"2024-11-08 00:00:00",33193,25800
"2024-11-09 00:00:00",41456,32146
"2024-11-10 00:00:00",43845,34334
"2024-11-11 00:00:00",35644,28423
"2024-11-12 00:00:00",31762,25268
"2024-11-13 00:00:00",30535,24459
"2024-11-14 00:00:00",31202,24490
"2024-11-15 00:00:00",33338,25233
"2024-11-16 00:00:00",39031,30028
"2024-11-17 00:00:00",40616,32131
"2024-11-18 00:00:00",30873,24680
"2024-11-19 00:00:00",26866,24409
"2024-11-19 01:00:00",26922,24326
"2024-11-19 02:00:00",26373,24249
"2024-11-19 03:00:00",24357,24184
"2024-11-19 04:00:00",22111,24167
"2024-11-19 05:00:00",20186,24153
"2024-11-19 06:00:00",18201,24127
"2024-11-19 07:00:00",16869,24101
"2024-11-19 08:00:00",16340,24074
"2024-11-19 09:00:00",16855,24051
"2024-11-19 10:00:00",17648,24025
"2024-11-19 11:00:00",19583,24020
"2024-11-19 12:00:00",21788,24013
"2024-11-19 13:00:00",24673,24023
"2024-11-19 14:00:00",27485,24033
"2024-11-19 15:00:00",27785,24065
"2024-11-19 16:00:00",28575,24106
"2024-11-19 17:00:00",29793,24138
"2024-11-19 18:00:00",30561,24144
"2024-11-19 19:00:00",30765,24144
"2024-11-19 20:00:00",30507,24136
"2024-11-19 21:00:00",29803,24132
"2024-11-19 22:00:00",26418,24121
"2024-11-19 23:00:00",25352,24133
"2024-11-20 00:00:00",24792,24128
"2024-11-20 01:00:00",24981,24112
"2024-11-20 02:00:00",24787,24080
"2024-11-20 03:00:00",23995,24040
"2024-11-20 04:00:00",21865,23986
"2024-11-20 05:00:00",19737,23944
"2024-11-20 06:00:00",17782,23920
"2024-11-20 07:00:00",16458,23912
"2024-11-20 08:00:00",16011,23907
"2024-11-20 09:00:00",16418,23899
"2024-11-20 10:00:00",17677,23889
"2024-11-20 11:00:00",19489,23874
"2024-11-20 12:00:00",22014,23858
"2024-11-20 13:00:00",24815,23831
"2024-11-20 14:00:00",28163,23791
"2024-11-20 15:00:00",28667,23688
"2024-11-20 16:00:00",29164,23580
"2024-11-20 17:00:00",29757,23475
"2024-11-20 18:00:00",30325,23430
"2024-11-20 19:00:00",30371,23380
"2024-11-20 20:00:00",30230,23291
"2024-11-20 21:00:00",29442,23201
"2024-11-20 22:00:00",26673,23091
"2024-11-20 23:00:00",25295,23039
"2024-11-21 00:00:00",24449,23003
"2024-11-21 01:00:00",24251,22980
"2024-11-21 02:00:00",23808,22961
"2024-11-21 03:00:00",22648,22941
"2024-11-21 04:00:00",20824,22939
"2024-11-21 05:00:00",19152,22941
"2024-11-21 06:00:00",17591,22944
"2024-11-21 07:00:00",16345,22945
"2024-11-21 08:00:00",15819,22953
"2024-11-21 09:00:00",16145,22966
"2024-11-21 10:00:00",17296,22989
"2024-11-21 11:00:00",19078,23009
"2024-11-21 12:00:00",21319,23036
"2024-11-21 13:00:00",23744,23078
"2024-11-21 14:00:00",25483,23119
"2024-11-21 15:00:00",25874,23174
"2024-11-21 16:00:00",26484,23255
"2024-11-21 17:00:00",28600,23348
"2024-11-21 18:00:00",29050,23389
"2024-11-21 19:00:00",28067,23437
"2024-11-21 20:00:00",27933,23524
"2024-11-21 21:00:00",26565,23618
"2024-11-21 22:00:00",25316,23758
"2024-11-21 23:00:00",24351,23900
"2024-11-22 00:00:00",23865,24022
"2024-11-22 01:00:00",23773,24121
"2024-11-22 02:00:00",23370,24222
"2024-11-22 03:00:00",22635,24345
"2024-11-22 04:00:00",20883,24466
"2024-11-22 05:00:00",19197,24610
"2024-11-22 06:00:00",17597,24767
"2024-11-22 07:00:00",16529,24935
"2024-11-22 08:00:00",16155,25106
"2024-11-22 09:00:00",16734,25294
"2024-11-22 10:00:00",17831,25498
"2024-11-22 11:00:00",19809,25726
"2024-11-22 12:00:00",22480,25972
"2024-11-22 13:00:00",25044,26221
"2024-11-22 14:00:00",27186,26488
"2024-11-22 15:00:00",28260,26835
"2024-11-22 16:00:00",29033,27205
"2024-11-22 17:00:00",29819,27568
"2024-11-22 18:00:00",30541,27908
"2024-11-22 19:00:00",30626,28234
"2024-11-22 20:00:00",30749,28562
"2024-11-22 21:00:00",30457,28889
"2024-11-22 22:00:00",29222,29155
"2024-11-22 23:00:00",27722,29396
"2024-11-23 00:00:00",26606,29609
"2024-11-23 01:00:00",26574,29779
"2024-11-23 02:00:00",26716,29911
"2024-11-23 03:00:00",25932,30002
"2024-11-23 04:00:00",24822,30112
"2024-11-23 05:00:00",23504,30235
"2024-11-23 06:00:00",22169,30356
"2024-11-23 07:00:00",21192,30469
"2024-11-23 08:00:00",21271,30574
"2024-11-23 09:00:00",22289,30685
"2024-11-23 10:00:00",24015,30805
"2024-11-23 11:00:00",26462,30928
"2024-11-23 12:00:00",29205,31055
"2024-11-23 13:00:00",32223,31184
"2024-11-23 14:00:00",36488,31318
"2024-11-23 15:00:00",38170,31423
"2024-11-23 16:00:00",38948,31516
"2024-11-23 17:00:00",39122,31606
"2024-11-23 18:00:00",39335,31709
"2024-11-23 19:00:00",39419,31807
"2024-11-23 20:00:00",39410,31899
"2024-11-23 21:00:00",37420,31921
"2024-11-23 22:00:00",35622,31939
"2024-11-23 23:00:00",33430,31931
"2024-11-24 00:00:00",31116,31903
"2024-11-24 01:00:00",29948,31881
"2024-11-24 02:00:00",28962,31864
"2024-11-24 03:00:00",28593,31862
"2024-11-24 04:00:00",27793,31820
"2024-11-24 05:00:00",26391,31727
"2024-11-24 06:00:00",24764,31601
"2024-11-24 07:00:00",23515,31454
"2024-11-24 08:00:00",23661,31297
"2024-11-24 09:00:00",24828,31111
"2024-11-24 10:00:00",26556,30889
"2024-11-24 11:00:00",29063,30648
"2024-11-24 12:00:00",31767,30362
"2024-11-24 13:00:00",34553,30057
"2024-11-24 14:00:00",37854,29718
"2024-11-24 15:00:00",39145,29319
"2024-11-24 16:00:00",39951,28907
"2024-11-24 17:00:00",40533,28529
"2024-11-24 18:00:00",40616,28177
"2024-11-24 19:00:00",40491,27836
"2024-11-24 20:00:00",38796,27493
"2024-11-24 21:00:00",36793,27201
"2024-11-24 22:00:00",34350,26938
"2024-11-24 23:00:00",31779,26709
"2024-11-25 00:00:00",29875,26525
"2024-11-25 01:00:00",29043,26394
"2024-11-25 02:00:00",28421,26285
"2024-11-25 03:00:00",26778,26178
"2024-11-25 04:00:00",24535,26077
"2024-11-25 05:00:00",22194,25980
"2024-11-25 06:00:00",20015,25899
"2024-11-25 07:00:00",18426,25822
"2024-11-25 08:00:00",17650,25739
"2024-11-25 09:00:00",17757,25649
"2024-11-25 10:00:00",18856,25550
"2024-11-25 11:00:00",20030,25435
"2024-11-25 12:00:00",22187,25333
"2024-11-25 13:00:00",24130,25224
"2024-11-25 14:00:00",25745,25105
"2024-11-25 15:00:00",26579,24986
"2024-11-25 16:00:00",28253,24868
"2024-11-25 17:00:00",29602,24731
"2024-11-25 18:00:00",30004,24605
"2024-11-25 19:00:00",30181,24492
"2024-11-25 20:00:00",29995,24395
"2024-11-25 21:00:00",28984,24311
"2024-11-25 22:00:00",27622,24245
"2024-11-25 23:00:00",26306,24191
"2024-11-26 00:00:00",25866,24148
"2024-11-26 01:00:00",25606,24102
"2024-11-26 02:00:00",25377,24056
"2024-11-26 03:00:00",24249,24021
"2024-11-26 04:00:00",22391,24000
"2024-11-26 05:00:00",20689,23998
"2024-11-26 06:00:00",18727,24002
"2024-11-26 07:00:00",17208,24008
"2024-11-26 08:00:00",16543,24013
"2024-11-26 09:00:00",16555,24009
"2024-11-26 10:00:00",17546,24004
"2024-11-26 11:00:00",19308,23995
"2024-11-26 12:00:00",21525,23989
"2024-11-26 13:00:00",23634,23991
"2024-11-26 14:00:00",25442,24009
"2024-11-26 15:00:00",26102,24023
"2024-11-26 16:00:00",27015,24044
"2024-11-26 17:00:00",28657,24074
"2024-11-26 18:00:00",29374,24081
"2024-11-26 19:00:00",29656,24096
"2024-11-26 20:00:00",29608,24137
"2024-11-26 21:00:00",28860,24180
"2024-11-26 22:00:00",27517,24224
"2024-11-26 23:00:00",26134,24256
"2024-11-27 00:00:00",25442,24280
"2024-11-27 01:00:00",25046,24280
"2024-11-27 02:00:00",25037,24272
"2024-11-27 03:00:00",24223,24270
"2024-11-27 04:00:00",22782,24286
"2024-11-27 05:00:00",21200,24312
"2024-11-27 06:00:00",19262,24343
"2024-11-27 07:00:00",17730,24371
"2024-11-27 08:00:00",16784,24390
"2024-11-27 09:00:00",16794,24408
"2024-11-27 10:00:00",17500,24408
"2024-11-27 11:00:00",19339,24407
"2024-11-27 12:00:00",21737,24409
"2024-11-27 13:00:00",24306,24405
"2024-11-27 14:00:00",26066,24403
"2024-11-27 15:00:00",27183,24411
"2024-11-27 16:00:00",28321,24436
"2024-11-27 17:00:00",29097,24448
"2024-11-27 18:00:00",30040,24483
"2024-11-27 19:00:00",31153,24510
"2024-11-27 20:00:00",31076,24493
"2024-11-27 21:00:00",30323,24474
"2024-11-27 22:00:00",28644,24430
"2024-11-27 23:00:00",27091,24387
"2024-11-28 00:00:00",25688,24339
"2024-11-28 01:00:00",24938,24287
"2024-11-28 02:00:00",25004,24270
"2024-11-28 03:00:00",24623,24261
"2024-11-28 04:00:00",23471,24263
"2024-11-28 05:00:00",22061,24269
"2024-11-28 06:00:00",20012,24275
"2024-11-28 07:00:00",18307,24284
"2024-11-28 08:00:00",17299,24291
"2024-11-28 09:00:00",16844,24295
"2024-11-28 10:00:00",17483,24309
"2024-11-28 11:00:00",19350,24331
"2024-11-28 12:00:00",21365,24419
"2024-11-28 13:00:00",24029,24524
"2024-11-28 14:00:00",25936,24639
"2024-11-28 15:00:00",27504,24749
"2024-11-28 16:00:00",28589,24801
"2024-11-28 17:00:00",30033,24936
"2024-11-28 18:00:00",30349,25035
"2024-11-28 19:00:00",29987,25090
"2024-11-28 20:00:00",29831,25164
"2024-11-28 21:00:00",28339,25235
"2024-11-28 22:00:00",26779,25348
"2024-11-28 23:00:00",25335,25468
"2024-11-29 00:00:00",23928,25578
"2024-11-29 01:00:00",24382,25709
"2024-11-29 02:00:00",24505,25816
"2024-11-29 03:00:00",24384,25928
"2024-11-29 04:00:00",23268,26039
"2024-11-29 05:00:00",21934,26158
"2024-11-29 06:00:00",20050,26273
"2024-11-29 07:00:00",18286,26385
"2024-11-29 08:00:00",17385,26510
"2024-11-29 09:00:00",17322,26648
"2024-11-29 10:00:00",18228,26811
"2024-11-29 11:00:00",22611,27015
"2024-11-29 12:00:00",25176,27218
"2024-11-29 13:00:00",28114,27372
"2024-11-29 14:00:00",29698,27511
"2024-11-29 15:00:00",29235,27631
"2024-11-29 16:00:00",32939,27927
"2024-11-29 17:00:00",33438,28072
"2024-11-29 18:00:00",32884,28200
"2024-11-29 19:00:00",33261,28368
"2024-11-29 20:00:00",33386,28558
"2024-11-29 21:00:00",33379,28813
"2024-11-29 22:00:00",32029,29063
"2024-11-29 23:00:00",30253,29305
"2024-11-30 00:00:00",29030,29532
"2024-11-30 01:00:00",28619,29664
"2024-11-30 02:00:00",28784,29784
"2024-11-30 03:00:00",28675,29900
"2024-11-30 04:00:00",27792,30020
"2024-11-30 05:00:00",26262,30143
"2024-11-30 06:00:00",24311,30257
"2024-11-30 07:00:00",22999,30386
"2024-11-30 08:00:00",22363,30508
"2024-11-30 09:00:00",23083,30640
"2024-11-30 10:00:00",24231,30778
"2024-11-30 11:00:00",28249,30917
"2024-11-30 12:00:00",28891,30974
"2024-11-30 13:00:00",31402,31141
"2024-11-30 14:00:00",33444,31315
"2024-11-30 15:00:00",38049,31538
"2024-11-30 16:00:00",36689,31550
"2024-11-30 17:00:00",37062,31679
"2024-11-30 18:00:00",37580,31832
"2024-11-30 19:00:00",38606,31951
"2024-11-30 20:00:00",40367,32074
"2024-11-30 21:00:00",40037,32147
"2024-11-30 22:00:00",38591,32223
"2024-11-30 23:00:00",36173,32290
"2024-12-01 00:00:00",31829,32248
"2024-12-01 01:00:00",30940,32260
"2024-12-01 02:00:00",30917,32269
"2024-12-01 03:00:00",30841,32251
"2024-12-01 04:00:00",30163,32197
"2024-12-01 05:00:00",28303,32096
"2024-12-01 06:00:00",26661,31983
"2024-12-01 07:00:00",24914,31845
"2024-12-01 08:00:00",24184,31707
"2024-12-01 09:00:00",24948,31571
"2024-12-01 10:00:00",26342,31427
"2024-12-01 11:00:00",28372,31243
"2024-12-01 12:00:00",33521,31131
"2024-12-01 13:00:00",36044,30952
"2024-12-01 14:00:00",36813,30752
"2024-12-01 15:00:00",36309,30471
"2024-12-01 16:00:00",39606,30303
"2024-12-01 17:00:00",40273,30080
"2024-12-01 18:00:00",38994,29843
"2024-12-01 19:00:00",39100,29699
"2024-12-01 20:00:00",39034,29544
"2024-12-01 21:00:00",38866,29372
"2024-12-01 22:00:00",37473,29189
"2024-12-01 23:00:00",32706,28959
"2024-12-02 00:00:00",30842,28864
"2024-12-02 01:00:00",29935,28752
"2024-12-02 02:00:00",28791,28642
"2024-12-02 03:00:00",27119,28523
"2024-12-02 04:00:00",24703,28382
"2024-12-02 05:00:00",22110,28238
"2024-12-02 06:00:00",19727,28098
"2024-12-02 07:00:00",18020,27963
"2024-12-02 08:00:00",17287,27830
"2024-12-02 09:00:00",17528,27684
"2024-12-02 10:00:00",18599,27530
"2024-12-02 11:00:00",20376,27412
"2024-12-02 12:00:00",22698,27198
"2024-12-02 13:00:00",25187,26977
"2024-12-02 14:00:00",26209,26758
"2024-12-02 15:00:00",26997,26627
"2024-12-02 16:00:00",27703,26400
"2024-12-02 17:00:00",29078,26169
"2024-12-02 18:00:00",32298,25987
"2024-12-02 19:00:00",33241,25774
"2024-12-02 20:00:00",32336,25526
"2024-12-02 21:00:00",31627,25327
"2024-12-02 22:00:00",30019,25135
"2024-12-02 23:00:00",29030,25029
"2024-12-03 00:00:00",26479,24853
"2024-12-03 01:00:00",26464,24747
"2024-12-03 02:00:00",26209,24657
"2024-12-03 03:00:00",24930,24576
"2024-12-03 04:00:00",22996,24513
"2024-12-03 05:00:00",21164,24467
"2024-12-03 06:00:00",18984,24424
"2024-12-03 07:00:00",17412,24390
"2024-12-03 08:00:00",16590,24358
"2024-12-03 09:00:00",16740,24326
"2024-12-03 10:00:00",19667,24331
"2024-12-03 11:00:00",19563,24310
"2024-12-03 12:00:00",21689,24315
"2024-12-03 13:00:00",24076,24277
"2024-12-03 14:00:00",27980,24355
"2024-12-03 15:00:00",26703,24338
"2024-12-03 16:00:00",26732,24309
"2024-12-03 17:00:00",26539,24262
"2024-12-03 18:00:00",27672,24199
"2024-12-03 19:00:00",27812,24109
"2024-12-03 20:00:00",29543,24072
"2024-12-03 21:00:00",29338,24004
"2024-12-03 22:00:00",28362,23936
"2024-12-03 23:00:00",24827,23814
"2024-12-04 00:00:00",24664,23792
"2024-12-04 01:00:00",24585,23761
"2024-12-04 02:00:00",24385,23732
"2024-12-04 03:00:00",23462,23705
"2024-12-04 04:00:00",21652,23686
"2024-12-04 05:00:00",19804,23668
"2024-12-04 06:00:00",17897,23656
"2024-12-04 07:00:00",16480,23649
"2024-12-04 08:00:00",15704,23644
"2024-12-04 09:00:00",15900,23642
"2024-12-04 10:00:00",19358,23649
"2024-12-04 11:00:00",20626,23632
"2024-12-04 12:00:00",20855,23587
"2024-12-04 13:00:00",25971,23638
"2024-12-04 14:00:00",27363,23628
"2024-12-04 15:00:00",26133,23628
"2024-12-04 16:00:00",26883,23690
"2024-12-04 17:00:00",27932,23765
"2024-12-04 18:00:00",28625,23790
"2024-12-04 19:00:00",28717,23811
"2024-12-04 20:00:00",28490,23790
"2024-12-04 21:00:00",27702,23757
"2024-12-04 22:00:00",26658,23728
"2024-12-04 23:00:00",25524,23780
"2024-12-05 00:00:00",25026,23837
"2024-12-05 01:00:00",24988,23840
"2024-12-05 02:00:00",24577,23837
"2024-12-05 03:00:00",23878,23842
"2024-12-05 04:00:00",22162,23844
"2024-12-05 05:00:00",20362,23851
"2024-12-05 06:00:00",18507,23854
"2024-12-05 07:00:00",17151,23864
"2024-12-05 08:00:00",16490,23876
"2024-12-05 09:00:00",16602,23892
"2024-12-05 10:00:00",17409,23847
"2024-12-05 11:00:00",19265,23822
"2024-12-05 12:00:00",21367,23839
"2024-12-05 13:00:00",26155,23865
"2024-12-05 14:00:00",28017,23863
"2024-12-05 15:00:00",29056,23919
"2024-12-05 16:00:00",29155,23960
"2024-12-05 17:00:00",28145,23960
"2024-12-05 18:00:00",28717,23993
"2024-12-05 19:00:00",28829,24025
"2024-12-05 20:00:00",28693,24076
"2024-12-05 21:00:00",28132,24170
"2024-12-05 22:00:00",28598,24262
"2024-12-05 23:00:00",28027,24332
"2024-12-06 00:00:00",24767,24322
"2024-12-06 01:00:00",24648,24347
"2024-12-06 02:00:00",24384,24373
"2024-12-06 03:00:00",23472,24401
"2024-12-06 04:00:00",21857,24448
"2024-12-06 05:00:00",19868,24503
"2024-12-06 06:00:00",18238,24575
"2024-12-06 07:00:00",16873,24633
"2024-12-06 08:00:00",16515,24703
"2024-12-06 09:00:00",16593,24774
"2024-12-06 10:00:00",17781,24869
"2024-12-06 11:00:00",19558,24967
"2024-12-06 12:00:00",22552,25124
"2024-12-06 13:00:00",25293,25194
"2024-12-06 14:00:00",27428,25267
"2024-12-06 15:00:00",28437,25340
"2024-12-06 16:00:00",28906,25467
"2024-12-06 17:00:00",29844,25601
"2024-12-06 18:00:00",30321,25729
"2024-12-06 19:00:00",31350,25881
"2024-12-06 20:00:00",33325,26118
"2024-12-06 21:00:00",30695,26277
"2024-12-06 22:00:00",29302,26416
"2024-12-06 23:00:00",27811,26521
"2024-12-07 00:00:00",26668,26626
"2024-12-07 01:00:00",26380,26713
"2024-12-07 02:00:00",26546,26795
"2024-12-07 03:00:00",26514,26893
"2024-12-07 04:00:00",25682,27010
"2024-12-07 05:00:00",24380,27149
"2024-12-07 06:00:00",22008,27267
"2024-12-07 07:00:00",20920,27402
"2024-12-07 08:00:00",20680,27536
"2024-12-07 09:00:00",21655,27689
"2024-12-07 10:00:00",23150,27852
"2024-12-07 11:00:00",27099,28075
"2024-12-07 12:00:00",27985,28239
"2024-12-07 13:00:00",30603,28401
"2024-12-07 14:00:00",32767,28575
"2024-12-07 15:00:00",36409,28811
"2024-12-07 16:00:00",34620,28987
"2024-12-07 17:00:00",35313,29187
"2024-12-07 18:00:00",35937,29369
"2024-12-07 19:00:00",38883,29609
"2024-12-07 20:00:00",39358,29794
"2024-12-07 21:00:00",38234,30010
"2024-12-07 22:00:00",36261,30195
"2024-12-07 23:00:00",31690,30256
"2024-12-08 00:00:00",29682,30331
"2024-12-08 01:00:00",28475,30384
"2024-12-08 02:00:00",28249,30432
"2024-12-08 03:00:00",28204,30474
"2024-12-08 04:00:00",27597,30496
"2024-12-08 05:00:00",26202,30491
"2024-12-08 06:00:00",24386,30485
"2024-12-08 07:00:00",23039,30468
"2024-12-08 08:00:00",22513,30440
"2024-12-08 09:00:00",23621,30410
"2024-12-08 10:00:00",25391,30372
"2024-12-08 11:00:00",29002,30351
"2024-12-08 12:00:00",29928,30298
"2024-12-08 13:00:00",33169,30256
"2024-12-08 14:00:00",34971,30191
"2024-12-08 15:00:00",38494,30124
"2024-12-08 16:00:00",38616,30085
"2024-12-08 17:00:00",37906,30019
"2024-12-08 18:00:00",38992,30002
"2024-12-08 19:00:00",40878,29952
"2024-12-08 20:00:00",40821,29866
"2024-12-08 21:00:00",38591,29749
"2024-12-08 22:00:00",33797,29569
"2024-12-08 23:00:00",31584,29500
"2024-12-09 00:00:00",29634,29452
"2024-12-09 01:00:00",28844,29437
"2024-12-09 02:00:00",28234,29420
"2024-12-09 03:00:00",26425,29354
"2024-12-09 04:00:00",24106,29251
"2024-12-09 05:00:00",21676,29124
"2024-12-09 06:00:00",19513,28994
"2024-12-09 07:00:00",17920,28857
"2024-12-09 08:00:00",16945,28707
"2024-12-09 09:00:00",16956,28526
"2024-12-09 10:00:00",20388,28391
"2024-12-09 11:00:00",21739,28155
"2024-12-09 12:00:00",22159,27907
"2024-12-09 13:00:00",24394,27652
"2024-12-09 14:00:00",26239,27402
"2024-12-09 15:00:00",27959,27098
"2024-12-09 16:00:00",28780,26797
"2024-12-09 17:00:00",30507,26568
"2024-12-09 18:00:00",31230,26354
"2024-12-09 19:00:00",31542,26065
"2024-12-09 20:00:00",31310,25763
"2024-12-09 21:00:00",30108,25491
"2024-12-09 22:00:00",28546,25319
"2024-12-09 23:00:00",27626,25217
"2024-12-10 00:00:00",27242,25128
"2024-12-10 01:00:00",27085,25052
"2024-12-10 02:00:00",26378,24976
"2024-12-10 03:00:00",25435,24931
"2024-12-10 04:00:00",23532,24899
"2024-12-10 05:00:00",21523,24880
"2024-12-10 06:00:00",19476,24863
"2024-12-10 07:00:00",17911,24850
"2024-12-10 08:00:00",16960,24838
"2024-12-10 09:00:00",16945,24826
"2024-12-10 10:00:00",17671,24735
"2024-12-10 11:00:00",19222,24650
"2024-12-10 12:00:00",21310,24618
"2024-12-10 13:00:00",23890,24599
"2024-12-10 14:00:00",25649,24573
"2024-12-10 15:00:00",26170,24514
"2024-12-10 16:00:00",27234,24468
"2024-12-10 17:00:00",30965,24483
"2024-12-10 18:00:00",29376,24396
"2024-12-10 19:00:00",29203,24351
"2024-12-10 20:00:00",29111,24313
"2024-12-10 21:00:00",28416,24286
"2024-12-10 22:00:00",29394,24316
"2024-12-10 23:00:00",25946,24270
"2024-12-11 00:00:00",25185,24211
"2024-12-11 01:00:00",25245,24161
"2024-12-11 02:00:00",24962,24114
"2024-12-11 03:00:00",24100,24073
"2024-12-11 04:00:00",22200,24034
"2024-12-11 05:00:00",20113,23993
"2024-12-11 06:00:00",18289,23957
"2024-12-11 07:00:00",16691,23920
"2024-12-11 08:00:00",15870,23886
"2024-12-11 09:00:00",15911,23853
"2024-12-11 10:00:00",16736,23822
"2024-12-11 11:00:00",18465,23798
"2024-12-11 12:00:00",20812,23807
"2024-12-11 13:00:00",23077,23780
"2024-12-11 14:00:00",25083,23760
"2024-12-11 15:00:00",26004,23759
"2024-12-11 16:00:00",27279,23786
"2024-12-11 17:00:00",28134,23696
"2024-12-11 18:00:00",31432,23758
"2024-12-11 19:00:00",31643,23809
"2024-12-11 20:00:00",31108,23846
"2024-12-11 21:00:00",28728,23835
"2024-12-11 22:00:00",29765,23843
"2024-12-11 23:00:00",26274,23828
"2024-12-12 00:00:00",25633,23841
"2024-12-12 00:20:00",24928,
"2024-12-12 00:30:00",24965,
"2024-12-12 00:40:00",24896,
"2024-12-12 00:50:00",24893,
"2024-12-12 01:00:00",24894,23827
"2024-12-12 01:10:00",24868,
"2024-12-12 01:20:00",24896,
"2024-12-12 01:30:00",24824,
"2024-12-12 01:40:00",24911,
"2024-12-12 01:50:00",24935,
"2024-12-12 02:00:00",24900,23827
"2024-12-12 02:10:00",24723,
"2024-12-12 02:20:00",24780,
"2024-12-12 02:30:00",24726,
"2024-12-12 02:40:00",24601,
"2024-12-12 02:50:00",24344,
"2024-12-12 03:00:00",24176,23830
"2024-12-12 03:10:00",23854,
"2024-12-12 03:20:00",23533,
"2024-12-12 03:30:00",23298,
"2024-12-12 03:40:00",22942,
"2024-12-12 03:50:00",22661,
"2024-12-12 04:00:00",22420,23835
"2024-12-12 04:10:00",22068,
"2024-12-12 04:20:00",21797,
"2024-12-12 04:30:00",21330,
"2024-12-12 04:40:00",20977,
"2024-12-12 04:50:00",20640,
"2024-12-12 05:00:00",20214,23836
"2024-12-12 05:10:00",19629,
"2024-12-12 05:20:00",19510,
"2024-12-12 05:30:00",19150,
"2024-12-12 05:40:00",18828,
"2024-12-12 05:50:00",18631,
"2024-12-12 06:00:00",18278,23837
"2024-12-12 06:10:00",18012,
"2024-12-12 06:20:00",17730,
"2024-12-12 06:30:00",17400,
"2024-12-12 06:40:00",17104,
"2024-12-12 06:50:00",16949,
"2024-12-12 07:00:00",16703,23839
"2024-12-12 07:10:00",16326,
"2024-12-12 07:20:00",16253,
"2024-12-12 07:30:00",16136,
"2024-12-12 07:40:00",16065,
"2024-12-12 07:50:00",15935,
"2024-12-12 08:00:00",15766,23839
"2024-12-12 08:10:00",15621,
"2024-12-12 08:20:00",15540,
"2024-12-12 08:30:00",15566,
"2024-12-12 08:40:00",15558,
"2024-12-12 08:50:00",15512,
"2024-12-12 09:00:00",15485,23837
"2024-12-12 09:10:00",15438,
"2024-12-12 09:20:00",15470,
"2024-12-12 09:30:00",15546,
"2024-12-12 09:40:00",15577,
"2024-12-12 09:50:00",15707,
"2024-12-12 10:00:00",15858,23848
"2024-12-12 10:10:00",15975,
"2024-12-12 10:20:00",16159,
"2024-12-12 10:30:00",16384,
"2024-12-12 10:40:00",16648,
"2024-12-12 10:50:00",16775,
"2024-12-12 11:00:00",16956,23933
"2024-12-12 11:10:00",17280,
"2024-12-12 11:20:00",17523,
"2024-12-12 11:30:00",20358,
"2024-12-12 11:40:00",20622,
"2024-12-12 11:50:00",20819,
"2024-12-12 12:00:00",18807,23915
"2024-12-12 12:10:00",19124,
"2024-12-12 12:20:00",19527,
"2024-12-12 12:30:00",19905,
"2024-12-12 12:40:00",20287,
"2024-12-12 12:50:00",20628,
"2024-12-12 13:00:00",20905,23922
"2024-12-12 13:10:00",21303,
"2024-12-12 13:20:00",21572,
"2024-12-12 13:30:00",22138,
"2024-12-12 13:40:00",22543,
"2024-12-12 13:50:00",22935,
"2024-12-12 14:00:00",23274,23950
"2024-12-12 14:10:00",23659,
"2024-12-12 14:20:00",24136,
"2024-12-12 14:30:00",24507,
"2024-12-12 14:40:00",24696,
"2024-12-12 14:50:00",25493,
"2024-12-12 15:00:00",25453,24069
"2024-12-12 15:10:00",28181,
"2024-12-12 15:20:00",28391,
"2024-12-12 15:30:00",28386,
"2024-12-12 15:40:00",28539,
"2024-12-12 15:50:00",28635,
"2024-12-12 16:00:00",26315,24083
"2024-12-12 16:10:00",26420,
"2024-12-12 16:20:00",26735,
"2024-12-12 16:30:00",26882,
"2024-12-12 16:40:00",27080,
"2024-12-12 16:50:00",27239,
"2024-12-12 17:00:00",27372,24093
"2024-12-12 17:10:00",27457,
"2024-12-12 17:20:00",27552,
"2024-12-12 17:30:00",27741,
"2024-12-12 17:40:00",27817,
"2024-12-12 17:50:00",27920,
"2024-12-12 18:00:00",28175,24025
"2024-12-12 18:10:00",28347,
"2024-12-12 18:20:00",28424,
"2024-12-12 18:30:00",28567,
"2024-12-12 18:40:00",28655,
"2024-12-12 18:50:00",28850,
"2024-12-12 19:00:00",28857,23953
"2024-12-12 19:10:00",28883,
"2024-12-12 19:20:00",28926,
"2024-12-12 19:30:00",28977,
"2024-12-12 19:40:00",28970,
"2024-12-12 19:50:00",29026,
"2024-12-12 20:00:00",29030,23922
"2024-12-12 20:10:00",28945,
"2024-12-12 20:20:00",28790,
"2024-12-12 20:30:00",28770,
"2024-12-12 20:40:00",28590,
"2024-12-12 20:50:00",28436,
"2024-12-12 21:00:00",28349,23946
"2024-12-12 21:10:00",28019,
"2024-12-12 21:20:00",27866,
"2024-12-12 21:30:00",27614,
"2024-12-12 21:40:00",27546,
"2024-12-12 21:50:00",27340,
"2024-12-12 22:00:00",27140,23877
"2024-12-12 22:10:00",26934,
"2024-12-12 22:20:00",26711,
"2024-12-12 22:30:00",26534,
"2024-12-12 22:40:00",26365,
"2024-12-12 22:50:00",26233,
"2024-12-12 23:00:00",26103,23889
"2024-12-12 23:10:00",25753,
"2024-12-12 23:20:00",25641,
"2024-12-12 23:30:00",25449,
"2024-12-12 23:40:00",25321,
"2024-12-12 23:50:00",25246,
"2024-12-13 00:00:00",25161,23884
"2024-12-13 00:10:00",25123,
"2024-12-13 00:20:00",25080,
"2024-12-13 00:30:00",25034,
"2024-12-13 00:40:00",25028,
"2024-12-13 00:50:00",25090,
"2024-12-13 01:00:00",25140,23900
"2024-12-13 01:10:00",25048,
"2024-12-13 01:20:00",25034,
"2024-12-13 01:30:00",25105,
"2024-12-13 01:40:00",25155,
"2024-12-13 01:50:00",25053,
"2024-12-13 02:00:00",24976,23908
"2024-12-13 02:10:00",24347,
"2024-12-13 02:20:00",24344,
"2024-12-13 02:30:00",24264,
"2024-12-13 02:40:00",24192,
"2024-12-13 02:50:00",24087,
"2024-12-13 03:00:00",23899,23906
"2024-12-13 03:10:00",23654,
"2024-12-13 03:20:00",23359,
"2024-12-13 03:30:00",23152,
"2024-12-13 03:40:00",22868,
"2024-12-13 03:50:00",22488,
"2024-12-13 04:00:00",22114,23911
"2024-12-13 04:10:00",21714,
"2024-12-13 04:20:00",21501,
"2024-12-13 04:30:00",21168,
"2024-12-13 04:40:00",20957,
"2024-12-13 04:50:00",20647,
"2024-12-13 05:00:00",20289,23936
"2024-12-13 05:10:00",19850,
"2024-12-13 05:20:00",19676,
"2024-12-13 05:30:00",19447,
"2024-12-13 05:40:00",19109,
"2024-12-13 05:50:00",18719,
"2024-12-13 06:00:00",18420,23968
"2024-12-13 06:10:00",18090,
"2024-12-13 06:20:00",17867,
"2024-12-13 06:30:00",17672,
"2024-12-13 06:40:00",17426,
"2024-12-13 06:50:00",17239,
"2024-12-13 07:00:00",17033,24009
"2024-12-13 07:10:00",16876,
"2024-12-13 07:20:00",16668,
"2024-12-13 07:30:00",16590,
"2024-12-13 07:40:00",16434,
"2024-12-13 07:50:00",16395,
"2024-12-13 08:00:00",16276,24057
"2024-12-13 08:10:00",16102,
"2024-12-13 08:20:00",16153,
"2024-12-13 08:30:00",16167,
"2024-12-13 08:40:00",16172,
"2024-12-13 08:50:00",16154,
"2024-12-13 09:00:00",16110,24121
"2024-12-13 09:10:00",16221,
"2024-12-13 09:20:00",16372,
"2024-12-13 09:30:00",16441,
"2024-12-13 09:40:00",16565,
"2024-12-13 09:50:00",16658,
"2024-12-13 10:00:00",16740,24186
"2024-12-13 10:10:00",16786,
"2024-12-13 10:20:00",16994,
"2024-12-13 10:30:00",17234,
"2024-12-13 10:40:00",17405,
"2024-12-13 10:50:00",17705,
"2024-12-13 11:00:00",17992,24179
"2024-12-13 11:10:00",18137,
"2024-12-13 11:20:00",18430,
"2024-12-13 11:30:00",18704,
"2024-12-13 11:40:00",19149,
"2024-12-13 11:50:00",19480,
"2024-12-13 12:00:00",19801,24266
"2024-12-13 12:10:00",20184,
"2024-12-13 12:20:00",20521,
"2024-12-13 12:30:00",20917,
"2024-12-13 12:40:00",21416,
"2024-12-13 12:50:00",21825,
"2024-12-13 13:00:00",22283,24363
"2024-12-13 13:10:00",22724,
"2024-12-13 13:20:00",23220,
"2024-12-13 13:30:00",23701,
"2024-12-13 13:40:00",24148,
"2024-12-13 13:50:00",24580,
"2024-12-13 14:00:00",24939,24526
"2024-12-13 14:10:00",25210,
"2024-12-13 14:20:00",27896,
"2024-12-13 14:30:00",28575,
"2024-12-13 14:40:00",28947,
"2024-12-13 14:50:00",29105,
"2024-12-13 15:00:00",29432,24612
"2024-12-13 15:10:00",29569,
"2024-12-13 15:20:00",29792,
"2024-12-13 15:30:00",29384,
"2024-12-13 15:40:00",29864,
"2024-12-13 15:50:00",30413,
"2024-12-13 16:00:00",28195,24718
"2024-12-13 16:10:00",28321,
"2024-12-13 16:20:00",28598,
"2024-12-13 16:30:00",28779,
"2024-12-13 16:40:00",28948,
"2024-12-13 16:50:00",29070,
"2024-12-13 17:00:00",29178,24844
"2024-12-13 17:10:00",29386,
"2024-12-13 17:20:00",29551,
"2024-12-13 17:30:00",29721,
"2024-12-13 17:40:00",29881,
"2024-12-13 17:50:00",29986,
"2024-12-13 18:00:00",30032,24939
"2024-12-13 18:10:00",30103,
"2024-12-13 18:20:00",30152,
"2024-12-13 18:30:00",30317,
"2024-12-13 18:40:00",30482,
"2024-12-13 18:50:00",30501,
"2024-12-13 19:00:00",33012,25133
"2024-12-13 19:10:00",33181,
"2024-12-13 19:20:00",33281,
"2024-12-13 19:30:00",33424,
"2024-12-13 19:40:00",33393,
"2024-12-13 19:50:00",33463,
"2024-12-13 20:00:00",33441,25308
"2024-12-13 20:10:00",33332,
"2024-12-13 20:20:00",33347,
"2024-12-13 20:30:00",33246,
"2024-12-13 20:40:00",30611,
"2024-12-13 20:50:00",30656,
"2024-12-13 21:00:00",30528,25406
"2024-12-13 21:10:00",30390,
"2024-12-13 21:20:00",30286,
"2024-12-13 21:30:00",30205,
"2024-12-13 21:40:00",30004,
"2024-12-13 21:50:00",29760,
"2024-12-13 22:00:00",29480,25528
"2024-12-13 22:10:00",29149,
"2024-12-13 22:20:00",28700,
"2024-12-13 22:30:00",28430,
"2024-12-13 22:40:00",28178,
"2024-12-13 22:50:00",27888,
"2024-12-13 23:00:00",27524,25608
"2024-12-13 23:10:00",27248,
"2024-12-13 23:20:00",26950,
"2024-12-13 23:30:00",26769,
"2024-12-13 23:40:00",26699,
"2024-12-13 23:50:00",26429,
"2024-12-14 00:00:00",26385,25677
"2024-12-14 00:10:00",26146,
"2024-12-14 00:20:00",26015,
"2024-12-14 00:30:00",25908,
"2024-12-14 00:40:00",25853,
"2024-12-14 00:50:00",25910,
"2024-12-14 01:00:00",25963,25727
"2024-12-14 01:10:00",25841,
"2024-12-14 01:20:00",25865,
"2024-12-14 01:30:00",25865,
"2024-12-14 01:40:00",25965,
"2024-12-14 01:50:00",26056,
"2024-12-14 02:00:00",26058,25781
"2024-12-14 02:10:00",26093,
"2024-12-14 02:20:00",26101,
"2024-12-14 02:30:00",26070,
"2024-12-14 02:40:00",25983,
"2024-12-14 02:50:00",25996,
"2024-12-14 03:00:00",25956,25866
"2024-12-14 03:10:00",25900,
"2024-12-14 03:20:00",25846,
"2024-12-14 03:30:00",25778,
"2024-12-14 03:40:00",25597,
"2024-12-14 03:50:00",25408,
"2024-12-14 04:00:00",25201,25986
"2024-12-14 04:10:00",25023,
"2024-12-14 04:20:00",24745,
"2024-12-14 04:30:00",24516,
"2024-12-14 04:40:00",24281,
"2024-12-14 04:50:00",24120,
"2024-12-14 05:00:00",23919,26126
"2024-12-14 05:10:00",23628,
"2024-12-14 05:20:00",23456,
"2024-12-14 05:30:00",23184,
"2024-12-14 05:40:00",22950,
"2024-12-14 05:50:00",22729,
"2024-12-14 06:00:00",22560,26283
"2024-12-14 06:10:00",22302,
"2024-12-14 06:20:00",22021,
"2024-12-14 06:30:00",21868,
"2024-12-14 06:40:00",21640,
"2024-12-14 06:50:00",21395,
"2024-12-14 07:00:00",21168,26438
"2024-12-14 07:10:00",20936,
"2024-12-14 07:20:00",20812,
"2024-12-14 07:30:00",20668,
"2024-12-14 07:40:00",20601,
"2024-12-14 07:50:00",20527,
"2024-12-14 08:00:00",20439,26603
"2024-12-14 08:10:00",20394,
"2024-12-14 08:20:00",20520,
"2024-12-14 08:30:00",20566,
"2024-12-14 08:40:00",20645,
"2024-12-14 08:50:00",20698,
"2024-12-14 09:00:00",20698,26779
"2024-12-14 09:10:00",20806,
"2024-12-14 09:20:00",20976,
"2024-12-14 09:30:00",21096,
"2024-12-14 09:40:00",21199,
"2024-12-14 09:50:00",21384,
"2024-12-14 10:00:00",21674,26979
"2024-12-14 10:10:00",21937,
"2024-12-14 10:20:00",22248,
"2024-12-14 10:30:00",22515,
"2024-12-14 10:40:00",22797,
"2024-12-14 10:50:00",23103,
"2024-12-14 11:00:00",25910,27216
"2024-12-14 11:10:00",23692,
"2024-12-14 11:20:00",23989,
"2024-12-14 11:30:00",24378,
"2024-12-14 11:40:00",24767,
"2024-12-14 11:50:00",25241,
"2024-12-14 12:00:00",25592,27432
"2024-12-14 12:10:00",26051,
"2024-12-14 12:20:00",26529,
"2024-12-14 12:30:00",26933,
"2024-12-14 12:40:00",27278,
"2024-12-14 12:50:00",27751,
"2024-12-14 13:00:00",28105,27652
"2024-12-14 13:10:00",28544,
"2024-12-14 13:20:00",29062,
"2024-12-14 13:30:00",29451,
"2024-12-14 13:40:00",30014,
"2024-12-14 13:50:00",30471,
"2024-12-14 14:00:00",30851,27802
"2024-12-14 14:10:00",31345,
"2024-12-14 14:20:00",31774,
"2024-12-14 14:30:00",32198,
"2024-12-14 14:40:00",32645,
"2024-12-14 14:50:00",32989,
"2024-12-14 15:00:00",33151,28036
"2024-12-14 15:10:00",33513,
"2024-12-14 15:20:00",33843,
"2024-12-14 15:30:00",34011,
"2024-12-14 15:40:00",36698,
"2024-12-14 15:50:00",36846,
"2024-12-14 16:00:00",36872,28314
"2024-12-14 16:10:00",36970,
"2024-12-14 16:20:00",37174,
"2024-12-14 16:30:00",34763,
"2024-12-14 16:40:00",34839,
"2024-12-14 16:50:00",35054,
"2024-12-14 17:00:00",35108,28520
"2024-12-14 17:10:00",35267,
"2024-12-14 17:20:00",35332,
"2024-12-14 17:30:00",35445,
"2024-12-14 17:40:00",35711,
"2024-12-14 17:50:00",35927,
"2024-12-14 18:00:00",36061,28772
"2024-12-14 18:10:00",36070,
"2024-12-14 18:20:00",36220,
"2024-12-14 18:30:00",36663,
"2024-12-14 18:40:00",36764,
"2024-12-14 18:50:00",36892,
"2024-12-14 19:00:00",36914,28935
"2024-12-14 19:10:00",36884,
"2024-12-14 19:20:00",36833,
"2024-12-14 19:30:00",36822,
"2024-12-14 19:40:00",36386,
"2024-12-14 19:50:00",37408,
"2024-12-14 20:00:00",37426,29084
"2024-12-14 20:10:00",37372,
"2024-12-14 20:20:00",37304,
"2024-12-14 20:30:00",37249,
"2024-12-14 20:40:00",37234,
"2024-12-14 20:50:00",37148,
"2024-12-14 21:00:00",37109,29323
"2024-12-14 21:10:00",36922,
"2024-12-14 21:20:00",36704,
"2024-12-14 21:30:00",36480,
"2024-12-14 21:40:00",35303,
"2024-12-14 21:50:00",35065,
"2024-12-14 22:00:00",34657,29506
"2024-12-14 22:10:00",34293,
"2024-12-14 22:20:00",33831,
"2024-12-14 22:30:00",33399,
"2024-12-14 22:40:00",32991,
"2024-12-14 22:50:00",32640,
"2024-12-14 23:00:00",32071,29676
"2024-12-14 23:10:00",31701,
"2024-12-14 23:20:00",31387,
"2024-12-14 23:30:00",30957,
"2024-12-14 23:40:00",30603,
"2024-12-14 23:50:00",30288,
"2024-12-15 00:00:00",30014,29807
"2024-12-15 00:10:00",29701,
"2024-12-15 00:20:00",29409,
"2024-12-15 00:30:00",29359,
"2024-12-15 00:40:00",29338,
"2024-12-15 00:50:00",29223,
"2024-12-15 01:00:00",29130,29921
"2024-12-15 01:10:00",28976,
"2024-12-15 01:20:00",28873,
"2024-12-15 01:30:00",28745,
"2024-12-15 01:40:00",28744,
"2024-12-15 01:50:00",28845,
"2024-12-15 02:00:00",28868,30025
"2024-12-15 02:10:00",28902,
"2024-12-15 02:20:00",28952,
"2024-12-15 02:30:00",28905,
"2024-12-15 02:40:00",28859,
"2024-12-15 02:50:00",28799,
"2024-12-15 03:00:00",28805,30126
"2024-12-15 03:10:00",28787,
"2024-12-15 03:20:00",28712,
"2024-12-15 03:30:00",28645,
"2024-12-15 03:40:00",28510,
"2024-12-15 03:50:00",28330,
"2024-12-15 04:00:00",28140,30226
"2024-12-15 04:10:00",27870,
"2024-12-15 04:20:00",27663,
"2024-12-15 04:30:00",27478,
"2024-12-15 04:40:00",27274,
"2024-12-15 04:50:00",26978,
"2024-12-15 05:00:00",26677,30309
"2024-12-15 05:10:00",26456,
"2024-12-15 05:20:00",26194,
"2024-12-15 05:30:00",25850,
"2024-12-15 05:40:00",25570,
"2024-12-15 05:50:00",25310,
"2024-12-15 06:00:00",25013,30377
"2024-12-15 06:10:00",24674,
"2024-12-15 06:20:00",24492,
"2024-12-15 06:30:00",24176,
"2024-12-15 06:40:00",23973,
"2024-12-15 06:50:00",23794,
"2024-12-15 07:00:00",23631,30440
"2024-12-15 07:10:00",23392,
"2024-12-15 07:20:00",23303,
"2024-12-15 07:30:00",23071,
"2024-12-15 07:40:00",22966,
"2024-12-15 07:50:00",22931,
"2024-12-15 08:00:00",22893,30499
"2024-12-15 08:10:00",22877,
"2024-12-15 08:20:00",22808,
"2024-12-15 08:30:00",22877,
"2024-12-15 08:40:00",22980,
"2024-12-15 08:50:00",23083,
"2024-12-15 09:00:00",23101,30560
"2024-12-15 09:10:00",23118,
"2024-12-15 09:20:00",23134,
"2024-12-15 09:30:00",23366,
"2024-12-15 09:40:00",23607,
"2024-12-15 09:50:00",23889,
"2024-12-15 10:00:00",24001,30619
"2024-12-15 10:10:00",24370,
"2024-12-15 10:20:00",24592,
"2024-12-15 10:30:00",24811,
"2024-12-15 10:40:00",25270,
"2024-12-15 10:50:00",25619,
"2024-12-15 11:00:00",25981,30662
"2024-12-15 11:10:00",26304,
"2024-12-15 11:20:00",26583,
"2024-12-15 11:30:00",26855,
"2024-12-15 11:40:00",27320,
"2024-12-15 11:50:00",27790,
"2024-12-15 12:00:00",28236,30725
"2024-12-15 12:10:00",28660,
"2024-12-15 12:20:00",29003,
"2024-12-15 12:30:00",29542,
"2024-12-15 12:40:00",29988,
"2024-12-15 12:50:00",30477,
"2024-12-15 13:00:00",30864,30785
"2024-12-15 13:10:00",31364,
"2024-12-15 13:20:00",31864,
"2024-12-15 13:30:00",32295,
"2024-12-15 13:40:00",32745,
"2024-12-15 13:50:00",33165,
"2024-12-15 14:00:00",33568,30813
"2024-12-15 14:10:00",33838,
"2024-12-15 14:20:00",34180,
"2024-12-15 14:30:00",34421,
"2024-12-15 14:40:00",34673,
"2024-12-15 14:50:00",34757,
"2024-12-15 15:00:00",34909,30747
"2024-12-15 15:10:00",34920,
"2024-12-15 15:20:00",35247,
"2024-12-15 15:30:00",35418,
"2024-12-15 15:40:00",35636,
"2024-12-15 15:50:00",35972,
"2024-12-15 16:00:00",36134,30715
"2024-12-15 16:10:00",36241,
"2024-12-15 16:20:00",36440,
"2024-12-15 16:30:00",36442,
"2024-12-15 16:40:00",36693,
"2024-12-15 16:50:00",36896,
"2024-12-15 17:00:00",39582,30862
"2024-12-15 17:10:00",39795,
"2024-12-15 17:20:00",40002,
"2024-12-15 17:30:00",40112,
"2024-12-15 17:40:00",40414,
"2024-12-15 17:50:00",40527,
"2024-12-15 18:00:00",40652,30987
"2024-12-15 18:10:00",40845,
"2024-12-15 18:20:00",41090,
"2024-12-15 18:30:00",41250,
"2024-12-15 18:40:00",41313,
"2024-12-15 18:50:00",41380,
"2024-12-15 19:00:00",39003,31009
"2024-12-15 19:10:00",38965,
"2024-12-15 19:20:00",39034,
"2024-12-15 19:30:00",39035,
"2024-12-15 19:40:00",38943,
"2024-12-15 19:50:00",38889,
"2024-12-15 20:00:00",38666,31042
"2024-12-15 20:10:00",38459,
"2024-12-15 20:20:00",38248,
"2024-12-15 20:30:00",38081,
"2024-12-15 20:40:00",37816,
"2024-12-15 20:50:00",37483,
"2024-12-15 21:00:00",37112,31030
"2024-12-15 21:10:00",36680,
"2024-12-15 21:20:00",36340,
"2024-12-15 21:30:00",36000,
"2024-12-15 21:40:00",35741,
"2024-12-15 21:50:00",35437,
"2024-12-15 22:00:00",35131,31071
"2024-12-15 22:10:00",34689,
"2024-12-15 22:20:00",34122,
"2024-12-15 22:30:00",36274,
"2024-12-15 22:40:00",33326,
"2024-12-15 22:50:00",32955,
"2024-12-15 23:00:00",32734,31076
"2024-12-15 23:10:00",32360,
"2024-12-15 23:20:00",31994,
"2024-12-15 23:30:00",31750,
"2024-12-15 23:40:00",31449,
"2024-12-15 23:50:00",31191,
"2024-12-16 00:00:00",30987,31101
"2024-12-16 00:10:00",30713,
"2024-12-16 00:20:00",30643,
"2024-12-16 00:30:00",30488,
"2024-12-16 00:40:00",30210,
"2024-12-16 00:50:00",29969,
"2024-12-16 01:00:00",29791,31122
"2024-12-16 01:10:00",29645,
"2024-12-16 01:20:00",29540,
"2024-12-16 01:30:00",29482,
"2024-12-16 01:40:00",29298,
"2024-12-16 01:50:00",29262,
"2024-12-16 02:00:00",29090,31128
"2024-12-16 02:10:00",28989,
"2024-12-16 02:20:00",28807,
"2024-12-16 02:30:00",28696,
"2024-12-16 02:40:00",28544,
"2024-12-16 02:50:00",28270,
"2024-12-16 03:00:00",27890,31097
"2024-12-16 03:10:00",27488,
"2024-12-16 03:20:00",27108,
"2024-12-16 03:30:00",26637,
"2024-12-16 03:40:00",26343,
"2024-12-16 03:50:00",25964,
"2024-12-16 04:00:00",25427,30999
"2024-12-16 04:10:00",24959,
"2024-12-16 04:20:00",24491,
"2024-12-16 04:30:00",24027,
"2024-12-16 04:40:00",23533,
"2024-12-16 04:50:00",23204,
"2024-12-16 05:00:00",22844,30859
"2024-12-16 05:10:00",22375,
"2024-12-16 05:20:00",21973,
"2024-12-16 05:30:00",21499,
"2024-12-16 05:40:00",21067,
"2024-12-16 05:50:00",20667,
"2024-12-16 06:00:00",20305,30685
"2024-12-16 06:10:00",19933,
"2024-12-16 06:20:00",19670,
"2024-12-16 06:30:00",19269,
"2024-12-16 06:40:00",18954,
"2024-12-16 06:50:00",18683,
"2024-12-16 07:00:00",18384,30492
"2024-12-16 07:10:00",18091,
"2024-12-16 07:20:00",17777,
"2024-12-16 07:30:00",17522,
"2024-12-16 07:40:00",17376,
"2024-12-16 07:50:00",17333,
"2024-12-16 08:00:00",17195,30275
"2024-12-16 08:10:00",17086,
"2024-12-16 08:20:00",17034,
"2024-12-16 08:30:00",16912,
"2024-12-16 08:40:00",16862,
"2024-12-16 08:50:00",16873,
"2024-12-16 09:00:00",16884,30028
"2024-12-16 09:10:00",16879,
"2024-12-16 09:20:00",16907,
"2024-12-16 09:30:00",16975,
"2024-12-16 09:40:00",17017,
"2024-12-16 09:50:00",17207,
"2024-12-16 10:00:00",17225,29832
"2024-12-16 10:10:00",19959,
"2024-12-16 10:20:00",20041,
"2024-12-16 10:30:00",20257,
"2024-12-16 10:40:00",20330,
"2024-12-16 10:50:00",18078,
"2024-12-16 11:00:00",18326,29536
"2024-12-16 11:10:00",18579,
"2024-12-16 11:20:00",18805,
"2024-12-16 11:30:00",19230,
"2024-12-16 11:40:00",19733,
"2024-12-16 11:50:00",20069,
"2024-12-16 12:00:00",20425,29233
"2024-12-16 12:10:00",20597,
"2024-12-16 12:20:00",20996,
"2024-12-16 12:30:00",21419,
"2024-12-16 12:40:00",21865,
"2024-12-16 12:50:00",22180,
"2024-12-16 13:00:00",22701,28924
"2024-12-16 13:10:00",23102,
"2024-12-16 13:20:00",23637,
"2024-12-16 13:30:00",24020,
"2024-12-16 13:40:00",24510,
"2024-12-16 13:50:00",24929,
"2024-12-16 14:00:00",25341,28637
"2024-12-16 14:10:00",25764,
"2024-12-16 14:20:00",26186,
"2024-12-16 14:30:00",26516,
"2024-12-16 14:40:00",26767,
"2024-12-16 14:50:00",27136,
"2024-12-16 15:00:00",27295,28438
"2024-12-16 15:10:00",27380,
"2024-12-16 15:20:00",27512,
"2024-12-16 15:30:00",30278,
"2024-12-16 15:40:00",30511,
"2024-12-16 15:50:00",30678,
"2024-12-16 16:00:00",30824,28208
"2024-12-16 16:10:00",31037,
"2024-12-16 16:20:00",30396,
"2024-12-16 16:30:00",28953,
"2024-12-16 16:40:00",29137,
"2024-12-16 16:50:00",29278,
"2024-12-16 17:00:00",29602,27829
"2024-12-16 17:10:00",29827,
"2024-12-16 17:20:00",30019,
"2024-12-16 17:30:00",30242,
"2024-12-16 17:40:00",30428,
"2024-12-16 17:50:00",30714,
"2024-12-16 18:00:00",30833,27465
"2024-12-16 18:10:00",31174,
"2024-12-16 18:20:00",31468,
"2024-12-16 18:30:00",31592,
"2024-12-16 18:40:00",31763,
"2024-12-16 18:50:00",31879,
"2024-12-16 19:00:00",31953,27302
"2024-12-16 19:10:00",34488,
"2024-12-16 19:20:00",34602,
"2024-12-16 19:30:00",34674,
"2024-12-16 19:40:00",34775,
"2024-12-16 19:50:00",34735,
"2024-12-16 20:00:00",34634,27140
"2024-12-16 20:10:00",34406,
"2024-12-16 20:20:00",34367,
"2024-12-16 20:30:00",34266,
"2024-12-16 20:40:00",31760,
"2024-12-16 20:50:00",31487,
"2024-12-16 21:00:00",31301,26908
"2024-12-16 21:10:00",31078,
"2024-12-16 21:20:00",30909,
"2024-12-16 21:30:00",30753,
"2024-12-16 21:40:00",30472,
"2024-12-16 21:50:00",30286,
"2024-12-16 22:00:00",30121,26671
"2024-12-16 22:10:00",29848,
"2024-12-16 22:20:00",29551,
"2024-12-16 22:30:00",29238,
"2024-12-16 22:40:00",29144,
"2024-12-16 22:50:00",28888,
"2024-12-16 23:00:00",28483,26511
"2024-12-16 23:10:00",28295,
"2024-12-16 23:20:00",28216,
"2024-12-16 23:30:00",28086,
"2024-12-16 23:40:00",28086,
"2024-12-16 23:50:00",28101,
"2024-12-17 00:00:00",28034,26405
"2024-12-17 00:10:00",28009,
"2024-12-17 00:20:00",28066,
"2024-12-17 00:30:00",28146,
"2024-12-17 00:40:00",28229,
"2024-12-17 00:50:00",28249,
"2024-12-17 01:00:00",28179,26347
"2024-12-17 01:10:00",28209,
"2024-12-17 01:20:00",28189,
"2024-12-17 01:30:00",28263,
"2024-12-17 01:40:00",28283,
"2024-12-17 01:50:00",28319,
"2024-12-17 02:00:00",28226,26313
"2024-12-17 02:10:00",28049,
"2024-12-17 02:20:00",27985,
"2024-12-17 02:30:00",27837,
"2024-12-17 02:40:00",27549,
"2024-12-17 02:50:00",27536,
"2024-12-17 03:00:00",27105,26281
"2024-12-17 03:10:00",26776,
"2024-12-17 03:20:00",26287,
"2024-12-17 03:30:00",25988,
"2024-12-17 03:40:00",25529,
"2024-12-17 03:50:00",25119,
"2024-12-17 04:00:00",24691,26252
"2024-12-17 04:10:00",24225,
"2024-12-17 04:20:00",23834,
"2024-12-17 04:30:00",23419,
"2024-12-17 04:40:00",23073,
"2024-12-17 04:50:00",22663,
"2024-12-17 05:00:00",22178,26227
"2024-12-17 05:10:00",21789,
"2024-12-17 05:20:00",21302,
"2024-12-17 05:30:00",20971,
"2024-12-17 05:40:00",20621,
"2024-12-17 05:50:00",20265,
"2024-12-17 06:00:00",19883,26212
"2024-12-17 06:10:00",19633,
"2024-12-17 06:20:00",19349,
"2024-12-17 06:30:00",18998,
"2024-12-17 06:40:00",18773,
"2024-12-17 06:50:00",18553,
"2024-12-17 07:00:00",18276,26209
"2024-12-17 07:10:00",18055,
"2024-12-17 07:20:00",17849,
"2024-12-17 07:30:00",17760,
"2024-12-17 07:40:00",17468,
"2024-12-17 07:50:00",17405,
"2024-12-17 08:00:00",17254,26214
"2024-12-17 08:10:00",17283,
"2024-12-17 08:20:00",17253,
"2024-12-17 08:30:00",17212,
"2024-12-17 08:40:00",17150,
"2024-12-17 08:50:00",17139,
"2024-12-17 09:00:00",17102,26213
"2024-12-17 09:10:00",16976,
"2024-12-17 09:20:00",17006,
"2024-12-17 09:30:00",17028,
"2024-12-17 09:40:00",17118,
"2024-12-17 09:50:00",17153,
"2024-12-17 10:00:00",17269,26131
"2024-12-17 10:10:00",17477,
"2024-12-17 10:20:00",17549,
"2024-12-17 10:30:00",17781,
"2024-12-17 10:40:00",18040,
"2024-12-17 10:50:00",18199,
"2024-12-17 11:00:00",18366,26224
"2024-12-17 11:10:00",18699,
"2024-12-17 11:20:00",21582,
"2024-12-17 11:30:00",21905,
"2024-12-17 11:40:00",22262,
"2024-12-17 11:50:00",22431,
"2024-12-17 12:00:00",20518,26232
"2024-12-17 12:10:00",20870,
"2024-12-17 12:20:00",21143,
"2024-12-17 12:30:00",21451,
"2024-12-17 12:40:00",21896,
"2024-12-17 12:50:00",22453,
"2024-12-17 13:00:00",22902,26252
"2024-12-17 13:10:00",23450,
"2024-12-17 13:20:00",23835,
"2024-12-17 13:30:00",24211,
"2024-12-17 13:40:00",24873,
"2024-12-17 13:50:00",25245,
"2024-12-17 14:00:00",25536,26260
"2024-12-17 14:10:00",26001,
"2024-12-17 14:20:00",26261,
"2024-12-17 14:30:00",26585,
"2024-12-17 14:40:00",26865,
"2024-12-17 14:50:00",27143,
"2024-12-17 15:00:00",27296,26162
"2024-12-17 15:10:00",27481,
"2024-12-17 15:20:00",27605,
"2024-12-17 15:30:00",27716,
"2024-12-17 15:40:00",27957,
"2024-12-17 15:50:00",28175,
"2024-12-17 16:00:00",28311,26095
"2024-12-17 16:10:00",28499,
"2024-12-17 16:20:00",28716,
"2024-12-17 16:30:00",28944,
"2024-12-17 16:40:00",29092,
"2024-12-17 16:50:00",29299,
"2024-12-17 17:00:00",29470,26093
"2024-12-17 17:10:00",29638,
"2024-12-17 17:20:00",29969,
"2024-12-17 17:30:00",30223,
"2024-12-17 17:40:00",30496,
"2024-12-17 17:50:00",30637,
"2024-12-17 18:00:00",30755,26082
"2024-12-17 18:10:00",30937,
"2024-12-17 18:20:00",31299,
"2024-12-17 18:30:00",31433,
"2024-12-17 18:40:00",31585,
"2024-12-17 18:50:00",31595,
"2024-12-17 19:00:00",31685,25966
"2024-12-17 19:10:00",31685,
"2024-12-17 19:20:00",31817,
"2024-12-17 19:30:00",31839,
"2024-12-17 19:40:00",31880,
"2024-12-17 19:50:00",31835,
"2024-12-17 20:00:00",31801,25853
"2024-12-17 20:10:00",31594,
"2024-12-17 20:20:00",31488,
"2024-12-17 20:30:00",31500,
"2024-12-17 20:40:00",31383,
"2024-12-17 20:50:00",31245,
"2024-12-17 21:00:00",31076,25847
"2024-12-17 21:10:00",30664,
"2024-12-17 21:20:00",30497,
"2024-12-17 21:30:00",30215,
"2024-12-17 21:40:00",30028,
"2024-12-17 21:50:00",29728,
"2024-12-17 22:00:00",29607,25911
"2024-12-17 22:10:00",29209,
"2024-12-17 22:20:00",31599,
"2024-12-17 22:30:00",31346,
"2024-12-17 22:40:00",28571,
"2024-12-17 22:50:00",28364,
"2024-12-17 23:00:00",28253,25897
"2024-12-17 23:10:00",27924,
"2024-12-17 23:20:00",16668,
"2024-12-17 23:30:00",27362,
"2024-12-17 23:40:00",27528,
"2024-12-17 23:50:00",27532,
"2024-12-18 00:00:00",27481,25871
"2024-12-18 00:10:00",27413,
"2024-12-18 00:20:00",27470,
"2024-12-18 00:30:00",27471,
"2024-12-18 00:40:00",27521,
"2024-12-18 00:50:00",27609,
"2024-12-18 01:00:00",27647,25846
"2024-12-18 01:10:00",27625,
"2024-12-18 01:20:00",27729,
"2024-12-18 01:30:00",27727,
"2024-12-18 01:40:00",27713,
"2024-12-18 01:50:00",27670,
"2024-12-18 02:00:00",27683,25821
"2024-12-18 02:10:00",27538,
"2024-12-18 02:20:00",27362,
"2024-12-18 02:30:00",27264,
"2024-12-18 02:40:00",27119,
"2024-12-18 02:50:00",26850,
"2024-12-18 03:00:00",26675,25801
"2024-12-18 03:10:00",26279,
"2024-12-18 03:20:00",25924,
"2024-12-18 03:30:00",25560,
"2024-12-18 03:40:00",25233,
"2024-12-18 03:50:00",24937,
"2024-12-18 04:00:00",24628,25798
"2024-12-18 04:10:00",24247,
"2024-12-18 04:20:00",23843,
"2024-12-18 04:30:00",23487,
"2024-12-18 04:40:00",23210,
"2024-12-18 04:50:00",22930,
"2024-12-18 05:00:00",22594,25816
"2024-12-18 05:10:00",22178,
"2024-12-18 05:20:00",21756,
"2024-12-18 05:30:00",21440,
"2024-12-18 05:40:00",21209,
"2024-12-18 05:50:00",20796,
"2024-12-18 06:00:00",20434,25843
"2024-12-18 06:10:00",20053,
"2024-12-18 06:20:00",19692,
"2024-12-18 06:30:00",19478,
"2024-12-18 06:40:00",19094,
"2024-12-18 06:50:00",18904,
"2024-12-18 07:00:00",18626,25865
"2024-12-18 07:10:00",18279,
"2024-12-18 07:20:00",18102,
"2024-12-18 07:30:00",17930,
"2024-12-18 07:40:00",17772,
"2024-12-18 07:50:00",17719,
"2024-12-18 08:00:00",17521,25884
"2024-12-18 08:10:00",17493,
"2024-12-18 08:20:00",17403,
"2024-12-18 08:30:00",17256,
"2024-12-18 08:40:00",17289,
"2024-12-18 08:50:00",17258,
"2024-12-18 09:00:00",17212,25909
"2024-12-18 09:10:00",17210,
"2024-12-18 09:20:00",17323,
"2024-12-18 09:30:00",17312,
"2024-12-18 09:40:00",17395,
"2024-12-18 09:50:00",17465,
"2024-12-18 10:00:00",17476,25921
"2024-12-18 10:10:00",17598,
"2024-12-18 10:20:00",17832,
"2024-12-18 10:30:00",17946,
"2024-12-18 10:40:00",18142,
"2024-12-18 10:50:00",18231,
"2024-12-18 11:00:00",18415,25862
"2024-12-18 11:10:00",18653,
"2024-12-18 11:20:00",19594,
"2024-12-18 11:30:00",19947,
"2024-12-18 11:40:00",20397,
"2024-12-18 11:50:00",20720,
"2024-12-18 12:00:00",21118,26011
"2024-12-18 12:10:00",21613,
"2024-12-18 12:20:00",22031,
"2024-12-18 12:30:00",22514,
"2024-12-18 12:40:00",22904,
"2024-12-18 12:50:00",25924,
"2024-12-18 13:00:00",26328,26146
"2024-12-18 13:10:00",26919,
"2024-12-18 13:20:00",27351,
"2024-12-18 13:30:00",27706,
"2024-12-18 13:40:00",28096,
"2024-12-18 13:50:00",28536,
"2024-12-18 14:00:00",26410,26183
"2024-12-18 14:10:00",26848,
"2024-12-18 14:20:00",27231,
"2024-12-18 14:30:00",27571,
"2024-12-18 14:40:00",27849,
"2024-12-18 14:50:00",28136,
"2024-12-18 15:00:00",28343,26214
"2024-12-18 15:10:00",28456,
"2024-12-18 15:20:00",28562,
"2024-12-18 15:30:00",28699,
"2024-12-18 15:40:00",28864,
"2024-12-18 15:50:00",28984,
"2024-12-18 16:00:00",29028,26234
"2024-12-18 16:10:00",29203,
"2024-12-18 16:20:00",29427,
"2024-12-18 16:30:00",29527,
"2024-12-18 16:40:00",29762,
"2024-12-18 16:50:00",29896,
"2024-12-18 17:00:00",29952,26234
"2024-12-18 17:10:00",30094,
"2024-12-18 17:20:00",30363,
"2024-12-18 17:30:00",30465,
"2024-12-18 17:40:00",30622,
"2024-12-18 17:50:00",30757,
"2024-12-18 18:00:00",30909,26227
"2024-12-18 18:10:00",31052,
"2024-12-18 18:20:00",31341,
"2024-12-18 18:30:00",31384,
"2024-12-18 18:40:00",31565,
"2024-12-18 18:50:00",31565,
"2024-12-18 19:00:00",31610,26225
"2024-12-18 19:10:00",31619,
"2024-12-18 19:20:00",31722,
"2024-12-18 19:30:00",31918,
"2024-12-18 19:40:00",31928,
"2024-12-18 19:50:00",32010,
"2024-12-18 20:00:00",31999,26321
"2024-12-18 20:10:00",31934,
"2024-12-18 20:20:00",31957,
"2024-12-18 20:30:00",31928,
"2024-12-18 20:40:00",31896,
"2024-12-18 20:50:00",34330,
"2024-12-18 21:00:00",34169,26438
"2024-12-18 21:10:00",33955,
"2024-12-18 21:20:00",33705,
"2024-12-18 21:30:00",30318,
"2024-12-18 21:40:00",30048,
"2024-12-18 21:50:00",29785,
"2024-12-18 22:00:00",29493,26340
"2024-12-18 22:10:00",29242,
"2024-12-18 22:20:00",28953,
"2024-12-18 22:30:00",28687,
"2024-12-18 22:40:00",28526,
"2024-12-18 22:50:00",28477,
"2024-12-18 23:00:00",28192,26333
"2024-12-18 23:10:00",27877,
"2024-12-18 23:20:00",27649,
"2024-12-18 23:30:00",27586,
"2024-12-18 23:40:00",27252,
"2024-12-18 23:50:00",26846,
"2024-12-19 00:00:00",27100,26309
"2024-12-19 00:10:00",26550,
"2024-12-19 00:20:00",27103,26309